{
    "dataset_name": "Dataset009_Spleen",
    "plans_name": "nnUNetPlans",
    "original_median_spacing_after_transp": [
        5.0,
        0.7929689884185791,
        0.7929689884185791
    ],
    "original_median_shape_after_transp": [
        90,
        512,
        512
    ],
    "image_reader_writer": "SimpleITKIO",
    "transpose_forward": [
        0,
        1,
        2
    ],
    "transpose_backward": [
        0,
        1,
        2
    ],
    "configurations": {
        "2d": {
            "data_identifier": "nnUNetPlans_2d",
            "preprocessor_name": "DefaultPreprocessor",
            "batch_size": 13,
            "patch_size": [
                448,
                384
            ],
            "median_image_size_in_voxels": [
                512.0,
                512.0
            ],
            "spacing": [
                0.7929689884185791,
                0.7929689884185791
            ],
            "normalization_schemes": [
                "CTNormalization"
            ],
            "use_mask_for_norm": [
                false
            ],
            "resampling_fn_data": "resample_data_or_seg_to_shape",
            "resampling_fn_seg": "resample_data_or_seg_to_shape",
            "resampling_fn_data_kwargs": {
                "is_seg": false,
                "order": 3,
                "order_z": 0,
                "force_separate_z": null
            },
            "resampling_fn_seg_kwargs": {
                "is_seg": true,
                "order": 1,
                "order_z": 0,
                "force_separate_z": null
            },
            "resampling_fn_probabilities": "resample_data_or_seg_to_shape",
            "resampling_fn_probabilities_kwargs": {
                "is_seg": false,
                "order": 1,
                "order_z": 0,
                "force_separate_z": null
            },
            "architecture": {
                "network_class_name": "dynamic_network_architectures.architectures.unet.ResidualEncoderUNet",
                "arch_kwargs": {
                    "n_stages": 7,
                    "features_per_stage": [
                        48,
                        96,
                        192,
                        384,
                        512,
                        512,
                        512
                    ],
                    "conv_op": "torch.nn.modules.conv.Conv2d",
                    "kernel_sizes": [
                        [
                            3,
                            3
                        ],
                        [
                            3,
                            3
                        ],
                        [
                            3,
                            3
                        ],
                        [
                            3,
                            3
                        ],
                        [
                            3,
                            3
                        ],
                        [
                            3,
                            3
                        ],
                        [
                            3,
                            3
                        ]
                    ],
                    "strides": [
                        [
                            1,
                            1
                        ],
                        [
                            2,
                            2
                        ],
                        [
                            2,
                            2
                        ],
                        [
                            2,
                            2
                        ],
                        [
                            2,
                            2
                        ],
                        [
                            2,
                            2
                        ],
                        [
                            2,
                            2
                        ]
                    ],
                    "n_blocks_per_stage": [
                        1,
                        3,
                        4,
                        6,
                        6,
                        6,
                        6
                    ],
                    "n_conv_per_stage_decoder": [
                        1,
                        1,
                        1,
                        1,
                        1,
                        1
                    ],
                    "conv_bias": true,
                    "norm_op": "torch.nn.modules.batchnorm.BatchNorm2d",
                    "norm_op_kwargs": {
                        "eps": 1e-05,
                        "affine": true
                    },
                    "dropout_op": "torch.nn.modules.dropout.Dropout2d",
                    "dropout_op_kwargs": {
                        "p": 0.3631712322089176
                    },
                    "nonlin": "torch.nn.GELU",
                    "nonlin_kwargs": null
                },
                "_kw_requires_import": [
                    "conv_op",
                    "norm_op",
                    "dropout_op",
                    "nonlin"
                ]
            },
            "batch_dice": true
        },
        "3d_lowres": {
            "data_identifier": "nnUNetPlans_3d_lowres",
            "preprocessor_name": "DefaultPreprocessor",
            "batch_size": 2,
            "patch_size": [
                64,
                160,
                160
            ],
            "median_image_size_in_voxels": [
                95,
                252,
                252
            ],
            "spacing": [
                3.15775822752359,
                1.6119426862631563,
                1.6119426862631563
            ],
            "normalization_schemes": [
                "CTNormalization"
            ],
            "use_mask_for_norm": [
                false
            ],
            "resampling_fn_data": "resample_data_or_seg_to_shape",
            "resampling_fn_seg": "resample_data_or_seg_to_shape",
            "resampling_fn_data_kwargs": {
                "is_seg": false,
                "order": 3,
                "order_z": 0,
                "force_separate_z": null
            },
            "resampling_fn_seg_kwargs": {
                "is_seg": true,
                "order": 1,
                "order_z": 0,
                "force_separate_z": null
            },
            "resampling_fn_probabilities": "resample_data_or_seg_to_shape",
            "resampling_fn_probabilities_kwargs": {
                "is_seg": false,
                "order": 1,
                "order_z": 0,
                "force_separate_z": null
            },
            "architecture": {
                "network_class_name": "dynamic_network_architectures.architectures.unet.ResidualEncoderUNet",
                "arch_kwargs": {
                    "n_stages": 6,
                    "features_per_stage": [
                        48,
                        96,
                        192,
                        384,
                        533,
                        533
                    ],
                    "conv_op": "torch.nn.modules.conv.Conv3d",
                    "kernel_sizes": [
                        [
                            3,
                            3,
                            3
                        ],
                        [
                            3,
                            3,
                            3
                        ],
                        [
                            3,
                            3,
                            3
                        ],
                        [
                            3,
                            3,
                            3
                        ],
                        [
                            3,
                            3,
                            3
                        ],
                        [
                            3,
                            3,
                            3
                        ]
                    ],
                    "strides": [
                        [
                            1,
                            1,
                            1
                        ],
                        [
                            2,
                            2,
                            2
                        ],
                        [
                            2,
                            2,
                            2
                        ],
                        [
                            2,
                            2,
                            2
                        ],
                        [
                            2,
                            2,
                            2
                        ],
                        [
                            1,
                            2,
                            2
                        ]
                    ],
                    "n_blocks_per_stage": [
                        1,
                        3,
                        4,
                        6,
                        6,
                        6
                    ],
                    "n_conv_per_stage_decoder": [
                        1,
                        1,
                        1,
                        1,
                        1
                    ],
                    "conv_bias": true,
                    "norm_op": "torch.nn.modules.batchnorm.BatchNorm3d",
                    "norm_op_kwargs": {
                        "eps": 1e-05,
                        "affine": true
                    },
                    "dropout_op": "torch.nn.modules.dropout.Dropout3d",
                    "dropout_op_kwargs": {
                        "p": 0.3631712322089176
                    },
                    "nonlin": "torch.nn.GELU",
                    "nonlin_kwargs": null
                },
                "_kw_requires_import": [
                    "conv_op",
                    "norm_op",
                    "dropout_op",
                    "nonlin"
                ]
            },
            "batch_dice": false,
            "next_stage": "3d_cascade_fullres"
        },
        "3d_fullres": {
            "data_identifier": "nnUNetPlans_3d_fullres",
            "preprocessor_name": "DefaultPreprocessor",
            "batch_size": 2,
            "patch_size": [
                56,
                160,
                128
            ],
            "median_image_size_in_voxels": [
                187.0,
                512.0,
                512.0
            ],
            "spacing": [
                1.6000100374221802,
                0.7929689884185791,
                0.7929689884185791
            ],
            "normalization_schemes": [
                "CTNormalization"
            ],
            "use_mask_for_norm": [
                false
            ],
            "resampling_fn_data": "resample_data_or_seg_to_shape",
            "resampling_fn_seg": "resample_data_or_seg_to_shape",
            "resampling_fn_data_kwargs": {
                "is_seg": false,
                "order": 3,
                "order_z": 0,
                "force_separate_z": null
            },
            "resampling_fn_seg_kwargs": {
                "is_seg": true,
                "order": 1,
                "order_z": 0,
                "force_separate_z": null
            },
            "resampling_fn_probabilities": "resample_data_or_seg_to_shape",
            "resampling_fn_probabilities_kwargs": {
                "is_seg": false,
                "order": 1,
                "order_z": 0,
                "force_separate_z": null
            },
            "architecture": {
                "network_class_name": "dynamic_network_architectures.architectures.unet.ResidualEncoderUNet",
                "arch_kwargs": {
                    "n_stages": 6,
                    "features_per_stage": [
                        48,
                        96,
                        192,
                        384,
                        533,
                        533
                    ],
                    "conv_op": "torch.nn.modules.conv.Conv3d",
                    "kernel_sizes": [
                        [
                            1,
                            3,
                            3
                        ],
                        [
                            3,
                            3,
                            3
                        ],
                        [
                            3,
                            3,
                            3
                        ],
                        [
                            3,
                            3,
                            3
                        ],
                        [
                            3,
                            3,
                            3
                        ],
                        [
                            3,
                            3,
                            3
                        ]
                    ],
                    "strides": [
                        [
                            1,
                            1,
                            1
                        ],
                        [
                            1,
                            2,
                            2
                        ],
                        [
                            2,
                            2,
                            2
                        ],
                        [
                            2,
                            2,
                            2
                        ],
                        [
                            2,
                            2,
                            2
                        ],
                        [
                            1,
                            2,
                            2
                        ]
                    ],
                    "n_blocks_per_stage": [
                        1,
                        3,
                        4,
                        6,
                        6,
                        6
                    ],
                    "n_conv_per_stage_decoder": [
                        1,
                        1,
                        1,
                        1,
                        1
                    ],
                    "conv_bias": true,
                    "norm_op": "torch.nn.modules.batchnorm.BatchNorm3d",
                    "norm_op_kwargs": {
                        "eps": 1e-05,
                        "affine": true
                    },
                    "dropout_op": "torch.nn.modules.dropout.Dropout3d",
                    "dropout_op_kwargs": {
                        "p": 0.3631712322089176
                    },
                    "nonlin": "torch.nn.GELU",
                    "nonlin_kwargs": null
                },
                "_kw_requires_import": [
                    "conv_op",
                    "norm_op",
                    "dropout_op",
                    "nonlin"
                ]
            },
            "batch_dice": true
        },
        "3d_cascade_fullres": {
            "inherits_from": "3d_fullres",
            "previous_stage": "3d_lowres"
        }
    },
    "experiment_planner_used": "nnUNetPlannerResEncM",
    "label_manager": "LabelManager",
    "foreground_intensity_properties_per_channel": {
        "0": {
            "max": 1038.0,
            "mean": 93.19259643554688,
            "median": 97.0,
            "min": -620.0,
            "percentile_00_5": -42.0,
            "percentile_99_5": 176.0,
            "std": 40.78370666503906
        }
    }
}