run_id,budget,config_id,o0_loss,o0_loss_fold_0,o0_loss_fold_1,o0_loss_fold_2,o0_loss_fold_3,o0_loss_fold_4,hp_config.aug_factor,hp_config.initial_lr,hp_config.loss_function,hp_config.lr_scheduler,hp_config.optimizer,hp_config.oversample_foreground_percent,hp_config.weight_decay,hp_config.momentum
0,1000.0,0,0.06611036230847736,0.061275949601221735,0.06259703133639616,0.07217759051355765,0.0573584788589625,0.07714276123224872,1.0,0.01,DiceAndCrossEntropyLoss,PolyLRScheduler,SGD,0.33,3e-05,0.99
1,12.345679012345677,1,0.15997351070352137,0.13107450596236458,0.16240177236041475,0.142717893751389,0.17276020649740298,0.19091317494603555,1.150324556477333,0.014685885989200861,TopKLoss,None,Adam,0.8360787635373775,2.2365810539197582e-05,0.7408352423773917
2,12.345679012345677,2,0.1416126542360402,0.08788977966043299,0.2819117982354775,0.1329766521700625,0.08810662918781254,0.11717841192641543,1.1047246195216438,0.06739390723749773,TopKLoss,PolyLRScheduler,SGD,0.8009107519796442,0.00012075633351351945,0.9843244174117328
3,12.345679012345677,3,0.11803869967876687,0.10179544850306788,0.13935415649379856,0.1218787752326379,0.10387175881694377,0.12329335934738628,2.1618979641777503,0.002128527023531731,DiceAndCrossEntropyLoss,PolyLRScheduler,SGD,0.4736004193466574,5.563260205698563e-06,0.7175220521771902
4,12.345679012345677,4,0.1230048585397742,0.08585816948666247,0.18791002527628742,0.10371245032142662,0.13117419906955796,0.10636944854493657,2.04546089731045,0.00027417736752420927,DiceLoss,CosineAnnealingLR,Adam,0.9698090677467488,0.00040978885541880585,0.8103540206437224
5,12.345679012345677,5,0.999978606486682,1.0,0.9999888898764554,0.9999259828163819,1.0,0.9999781597405725,0.3061344322440842,6.847105576684049e-05,TopKLoss,PolyLRScheduler,SGD,0.4143685882263688,7.921182314424576e-05,0.7857627151436279
6,12.345679012345677,6,0.8730815221335855,1.0,0.4102271263759113,1.0,0.9551804842920155,1.0,0.2913038273791838,0.02247913678489981,CrossEntropyLoss,PolyLRScheduler,AdamW,0.5096243767199001,1.6705472923532205e-06,0.9828546794612383
7,12.345679012345677,7,0.09517911665384735,0.0880950499963441,0.08448905650411709,0.1038401601068889,0.09757366768682763,0.10189764897505904,0.6504664128826286,0.001822869029807343,DiceLoss,CosineAnnealingLR,AdamW,0.09394051075844168,0.0002012732142826837,0.7111541935713871
8,12.345679012345677,8,0.09135316634311423,0.09028636170708237,0.07389398151196291,0.09271647388600623,0.10123871545906393,0.09863029915145571,1.1735378233752793,0.0008302844962547875,DiceAndCrossEntropyLoss,PolyLRScheduler,Adam,0.2362856645784429,2.527514489489815e-05,0.90263731911568
9,12.345679012345677,9,0.09087508109745779,0.07489190271607082,0.09350235856838496,0.09036413690999412,0.09593597254777786,0.09968103474506118,0.3486057288371832,0.011697547414781285,DiceAndCrossEntropyLoss,CosineAnnealingLR,SGD,0.5812728726358587,0.0033646620317025026,0.79800193014111
10,12.345679012345677,10,0.8236805933458978,1.0,1.0,1.0,0.11840296672948891,1.0,1.0313318628889958,0.018227532147560618,DiceAndCrossEntropyLoss,PolyLRScheduler,AdamW,0.10709001524266218,2.902501116998957e-06,0.9433819401958
11,12.345679012345677,11,1.0,1.0,1.0,1.0,1.0,1.0,0.9730181826411534,0.04745215558646006,CrossEntropyLoss,CosineAnnealingLR,AdamW,0.48953364903402674,0.008715504353417761,0.7475315629383502
12,12.345679012345677,12,0.9013467333284094,0.9168980147713582,0.9577727327018993,0.6320629191687899,1.0,1.0,0.23481097609784662,0.01660785112321388,DiceAndCrossEntropyLoss,CosineAnnealingLR,AdamW,0.6070630346753698,1.192355468547657e-06,0.9692415425861539
13,12.345679012345677,13,0.8551782466742939,1.0,1.0,1.0,1.0,0.27589123337146904,1.0199583898823463,0.04275837824614824,TopKLoss,PolyLRScheduler,Adam,0.3581914886256743,1.9224271939243424e-06,0.9089503187856456
14,12.345679012345677,14,0.08414831168520245,0.07371571635731766,0.08627492860073371,0.08591364665413459,0.06967572381319775,0.10516154300062852,0.6371714966709258,7.75841305486524e-05,DiceAndCrossEntropyLoss,PolyLRScheduler,Adam,0.4904588086175671,8.121916343315396e-06,0.741619663985853
15,12.345679012345677,15,0.11959354496774907,0.09858748610258017,0.14458782525646985,0.12019100597137711,0.10711657783886241,0.12748482966945585,2.563840740932143,0.009447962943638519,CrossEntropyLoss,PolyLRScheduler,SGD,0.8966712930403421,0.009148624225979639,0.7989096512811791
16,12.345679012345677,16,0.12477501730477343,0.09801908096676293,0.12849600889745494,0.13314790308162405,0.11406184621383364,0.15015024736419158,0.974048916199396,0.0011990706551773744,DiceLoss,PolyLRScheduler,Adam,0.8853376596095855,0.0005242251173989866,0.6042205677830779
17,12.345679012345677,17,0.9493753029223768,0.9469836850709235,0.9570783865194779,0.940996317334462,0.9574987890597677,0.9443193366272531,0.07698815416359472,6.758966622072009e-05,DiceLoss,CosineAnnealingLR,SGD,0.21488073675057817,5.56971378015024e-06,0.6478042764098841
18,12.345679012345677,18,0.8380359529732401,0.8263340466939646,0.8597476761163652,0.8178191681069107,0.8627714325099601,0.8235074414390001,0.5498395086422359,3.796566727868298e-05,DiceAndCrossEntropyLoss,None,SGD,0.030452964941600325,0.0009726956211749134,0.6395368703816673
19,12.345679012345677,19,0.999333202384606,0.9997543360089001,0.9986662645805551,0.999670415250416,0.9993853320551629,0.9991896640279955,0.31909639441864335,6.821375636242829e-05,TopKLoss,CosineAnnealingLR,SGD,0.40826868426317053,2.216670687447701e-06,0.9513366725958223
20,12.345679012345677,20,0.08344463362463746,0.08078371795206118,0.06828085229041414,0.08688700201212973,0.0821509632972256,0.09912063257135661,1.4796553460180568,0.005912053628530867,DiceAndCrossEntropyLoss,PolyLRScheduler,SGD,0.5330439625054918,0.002310022052691569,0.9644282358310472
21,12.345679012345677,21,0.10956168542645003,0.08853684847469889,0.17965393287297649,0.0963123637634079,0.08396491241929871,0.0993403696018682,1.7311704674998278,0.0010207312857358128,DiceAndCrossEntropyLoss,PolyLRScheduler,AdamW,0.8072457637226644,0.0016025144279184257,0.746015857009121
22,12.345679012345677,22,0.9516757475423139,0.9622561790541546,0.9515036569729218,0.9489805674553701,0.9479755207611751,0.9476628134679481,1.5007902464353973,5.103454079042622e-05,CrossEntropyLoss,PolyLRScheduler,SGD,0.46125143790393525,8.770008978719383e-06,0.733371978847125
23,12.345679012345677,23,0.0849431692441115,0.0741640636789993,0.09589689986720862,0.08818854173062318,0.06990671147163496,0.0965596294720914,1.061679319629873,0.005146907561661071,DiceAndCrossEntropyLoss,PolyLRScheduler,SGD,0.5786143763491366,3.7945299263835863e-05,0.9662101191039068
24,12.345679012345677,24,0.092713099476469,0.08056531485366003,0.08505355303922058,0.11314183498915564,0.08313606983176103,0.1016687246685477,0.8616383127311454,0.0010799653993114817,DiceAndCrossEntropyLoss,PolyLRScheduler,SGD,0.3689308552301236,1.2619113062219433e-05,0.9545664264393765
25,12.345679012345677,25,0.09964372545146474,0.08193127202671913,0.10751356264704326,0.10055062302784712,0.0770985276983891,0.13112464185732509,1.34856981493057,0.0076768425507725505,DiceAndCrossEntropyLoss,PolyLRScheduler,SGD,0.4038313440005553,2.8995563428856923e-06,0.7792728318111105
26,12.345679012345677,26,0.49642169418608545,0.5355900282959455,0.5958895419109554,0.35681512778194846,0.6440158520669403,0.3497979208746378,0.9831612046713567,0.010644237861415502,DiceLoss,None,AdamW,0.7963914745173317,0.006865408954631966,0.8501895652619779
27,12.345679012345677,27,0.16520323366270706,0.10816698051745222,0.2111496190538128,0.18450026921968077,0.20126489976612372,0.1209343997564658,2.4465714563057066,4.34168042807647e-05,CrossEntropyLoss,PolyLRScheduler,AdamW,0.9367464737894553,6.159042181084387e-05,0.6587756574674307
28,12.345679012345677,28,0.08825047965973445,0.0766370860683604,0.08369740789071567,0.09705054677368175,0.07472561780336551,0.10914173976254893,0.9139615990617378,0.06008907025190961,DiceLoss,None,SGD,0.25912460606864113,8.10874517106339e-06,0.9699268368583368
29,12.345679012345677,29,0.0869567300891142,0.07287994914543405,0.0825977325175491,0.09022498003457624,0.08500079105631064,0.10408019769170096,0.3946914452273447,5.3118188728205876e-05,DiceLoss,PolyLRScheduler,AdamW,0.3066249009186053,5.0868218580202505e-06,0.9932032985307406
30,12.345679012345677,30,0.09786452976743287,0.10289903249440835,0.1041919390663496,0.10240196175565475,0.08113337723877323,0.09869633828197844,1.1421877349778229,0.0034333954341910443,TopKLoss,None,AdamW,0.554687808661419,1.406714874492555e-05,0.9029434400833358
31,12.345679012345677,31,1.0,1.0,1.0,1.0,1.0,1.0,1.7118452280120475,0.08929798556328537,TopKLoss,None,AdamW,0.21210913664925443,3.2650836489488703e-06,0.8301978227568899
32,12.345679012345677,32,0.4727727473326354,1.0,0.11171143413064144,0.956319180852226,0.1333478259780504,0.1624852957022591,0.7802952337498281,0.015244325626612388,CrossEntropyLoss,PolyLRScheduler,AdamW,0.2738350211024113,0.000144229148685068,0.8300990284557692
33,12.345679012345677,33,0.11767724624161062,0.09726006385253316,0.1372693250031719,0.10030766656043766,0.11297859303966473,0.14057058275224565,1.4638066525754594,0.0175996409893113,DiceAndCrossEntropyLoss,CosineAnnealingLR,Adam,0.2890909091853875,3.104698936956747e-06,0.8727285194384795
34,12.345679012345677,34,0.10686278415750661,0.09161350362205267,0.10936722325241588,0.10954412815408332,0.10013839590747364,0.12365066985150752,1.1722393700742724,0.0018181383042944095,DiceAndCrossEntropyLoss,PolyLRScheduler,SGD,0.2494567283117031,1.8259754372461165e-05,0.8142931523938134
35,12.345679012345677,35,0.2345217256131386,0.09429367334175631,0.7735303642753475,0.1101289196437959,0.07678321527347154,0.11787245553132164,1.9440239175051408,0.00673323198859556,DiceAndCrossEntropyLoss,PolyLRScheduler,AdamW,0.6497962854768122,9.755412700818559e-05,0.8932350711061184
36,12.345679012345677,36,0.09026445444147975,0.07521066849870683,0.07345723541285087,0.10342235609715911,0.08431262730039979,0.11491938489828213,0.8647974449314777,0.007357859542576843,TopKLoss,PolyLRScheduler,SGD,0.26844853552780734,7.062201667929914e-05,0.8618141698212951
37,12.345679012345677,37,0.13547092699357102,0.10247932642997315,0.12760884655715765,0.18777411729420557,0.1376733540292132,0.1218189906573055,0.5995910549616685,0.0050526007498168015,TopKLoss,None,Adam,0.3245448518783365,0.00010243210805501674,0.9799446829302454
38,12.345679012345677,38,0.09296301355396497,0.07536334541994394,0.09702793681097466,0.09961258822172536,0.08558207818554608,0.1072291191316348,0.6009157410049265,0.004016618644674486,DiceAndCrossEntropyLoss,None,SGD,0.8373178222949098,0.00042727044562617923,0.9140666378687602
39,12.345679012345677,39,0.08555279617758789,0.07364028553214219,0.08669680617401476,0.09073473619352801,0.08061337341756492,0.09607877957068955,0.33471086882285794,0.0023916127275286207,DiceAndCrossEntropyLoss,PolyLRScheduler,SGD,0.4151485221356458,8.381561509473688e-06,0.9780750169417495
40,12.345679012345677,40,0.12391437558907033,0.09843304745225268,0.1590610895988961,0.10259053913631755,0.11897159059688789,0.14051561116099742,1.1125208093716135,0.005582520910200161,DiceAndCrossEntropyLoss,PolyLRScheduler,Adam,0.3713215889714731,1.364658583110825e-05,0.7913038076254919
41,12.345679012345677,41,0.863852378661958,0.8550618281710457,0.7646095104575564,1.0,0.6996038458372525,0.9999867088439353,0.18962285501589193,0.0026853289631704217,CrossEntropyLoss,None,SGD,0.8906528094002063,5.375581224459752e-05,0.6086100432363231
42,12.345679012345677,42,0.09710604053359932,0.07623442941372716,0.12105800036149783,0.1018412669403519,0.07666396325748392,0.10973254269493582,1.9775294155500847,0.0003881744878455677,DiceAndCrossEntropyLoss,None,Adam,0.672041057147487,1.1662388654794186e-05,0.6378924321805853
43,12.345679012345677,43,0.1423487347964465,0.12281572187627665,0.16416948203720017,0.14123107470796703,0.13355125516149213,0.1499761401992965,0.9669167779714867,0.0070564252590008016,CrossEntropyLoss,None,SGD,0.4102228735157252,0.0001512468858424652,0.757723438874097
44,12.345679012345677,44,0.9406340500441299,0.9371122078377259,0.9498415670137128,0.9306857837603063,0.950783619042463,0.934747072566442,1.9809465462306235,4.248674155420439e-05,DiceLoss,PolyLRScheduler,SGD,0.8583408100922583,0.0005631786038184702,0.8554187546419934
45,12.345679012345677,45,0.10722473863676833,0.0901340085808362,0.11407327694283587,0.1009216293556926,0.10072786523638355,0.13026691306809346,0.6838504665874814,0.003881441559424023,DiceAndCrossEntropyLoss,CosineAnnealingLR,Adam,0.44035135766020583,2.1041778579576936e-05,0.8447427506118147
46,12.345679012345677,46,0.08255616487356147,0.0776785045904308,0.08109154683724051,0.08857987929097655,0.06902907247290047,0.09640182117625906,0.9204251788225997,0.003913922944854862,DiceAndCrossEntropyLoss,PolyLRScheduler,SGD,0.42018558228264713,0.00011468516553788085,0.9407396602426811
47,12.345679012345677,47,0.09759432355600565,0.08215109114005459,0.10377889404852525,0.10607771054456694,0.08716481248693797,0.10879910955994354,2.9762215284384843,0.0002635729227360777,DiceLoss,PolyLRScheduler,AdamW,0.37321595574479416,7.788525964811874e-06,0.8523761262672834
48,12.345679012345677,48,0.10681985494554638,0.09022677360652898,0.10869370208247331,0.12046986319172581,0.09194966086811174,0.12275927497889205,0.8592787775248083,0.00021469268627534937,TopKLoss,None,SGD,0.4886230333669524,2.4431129621708394e-05,0.9760657223043979
49,12.345679012345677,49,0.08540787876381192,0.07600897196033729,0.09258921527521435,0.09338653411637254,0.07032651263377732,0.09472815983335814,1.9045409762531356,0.016069507907862768,TopKLoss,CosineAnnealingLR,SGD,0.28797976240316886,1.7465848833605635e-05,0.8504222079202093
50,12.345679012345677,50,0.3224728791387971,0.2389027124703711,0.2833434012823881,0.4931563739387952,0.2801132863838717,0.3168486216185594,1.231086855419329,0.02130012119057314,DiceAndCrossEntropyLoss,PolyLRScheduler,Adam,0.821597486031235,6.535587652151508e-05,0.7838651736402501
51,12.345679012345677,51,0.9624597335896151,0.9603517394868406,0.9684262710059567,0.9561145469874031,0.968616025488239,0.9587900849796358,1.115756245537384,1.0128226382943726e-05,DiceAndCrossEntropyLoss,None,SGD,0.643678087431961,2.8697940954832155e-05,0.6232030354770788
52,12.345679012345677,52,0.09247260033508901,0.0830812156892472,0.09196687768367795,0.09927312495692342,0.07415723011369879,0.11388455323189772,1.1492426566997909,0.024389241781800425,CrossEntropyLoss,CosineAnnealingLR,SGD,0.183563885046803,4.3675374494594146e-05,0.8816799018265902
53,12.345679012345677,53,0.10172319983251295,0.0806594474708976,0.10793525976692742,0.09735028673721469,0.09191071653017924,0.1307602886573458,0.2523296857450503,0.0043287572276693356,DiceLoss,PolyLRScheduler,SGD,0.1191761026846537,0.0024345489706450426,0.8136456997040514
54,12.345679012345677,54,1.0,1.0,1.0,1.0,1.0,1.0,0.8729642195012898,0.029586357776192052,DiceAndCrossEntropyLoss,None,AdamW,0.530412214314783,1.6761693445461505e-05,0.8468289788410229
55,12.345679012345677,55,0.9995566710418945,0.9999274873654646,0.999551768404948,0.9996944009756765,0.9995637488523706,0.9990459496110136,0.4340734183910332,4.700781722228694e-05,TopKLoss,None,SGD,0.08824823957233274,0.0002563992246742085,0.6003814116361214
56,12.345679012345677,56,0.6414906216918103,0.6164617649755448,0.6597424322186025,0.6179162542078318,0.6823341402296732,0.6309985168273989,0.20007573101155596,0.00032636748765264324,DiceAndCrossEntropyLoss,CosineAnnealingLR,SGD,0.5766988226881895,9.266062277447332e-05,0.6855545610762034
57,12.345679012345677,57,0.22528922172839624,0.1629951613990921,0.28561571924659424,0.23928512499837262,0.25405790124373995,0.18449220175418246,2.2118357391425034,1.048604837922341e-05,DiceLoss,None,AdamW,0.8852072743848396,0.002395600165426245,0.9448650353471866
58,12.345679012345677,58,0.13330634806832337,0.08380995120024759,0.192534348535644,0.14380658690662163,0.1407743203637175,0.10560653333538617,2.8895918857811402,3.9012639648285096e-05,DiceAndCrossEntropyLoss,CosineAnnealingLR,AdamW,0.7607435651046118,2.7317604879966623e-05,0.9152868893640098
59,12.345679012345677,59,0.13102065281517278,0.07264643498316758,0.1351033469491345,0.13494365524363183,0.21761149296661397,0.09479833393331605,0.13804073022783525,5.7413558602146426e-05,DiceAndCrossEntropyLoss,PolyLRScheduler,AdamW,0.7955903685432131,2.3884812866990644e-05,0.6486227603739723
60,12.345679012345677,60,0.09560647260911448,0.08240481152124046,0.07883437139666438,0.12457341752754358,0.08451356608168414,0.10770619651843982,0.2790275498593999,0.004998309150327222,TopKLoss,CosineAnnealingLR,AdamW,0.4779348398619859,2.9675813817916617e-05,0.8348329142201772
61,12.345679012345677,61,0.12193280827839255,0.1033147559829879,0.1259375541372596,0.12376120586284434,0.10152000845801479,0.1551305169508561,1.9853943239371743,0.00022213516723739053,TopKLoss,PolyLRScheduler,SGD,0.28310995219900403,1.541926495027786e-05,0.9685992940392376
62,12.345679012345677,62,1.0,1.0,1.0,1.0,1.0,1.0,0.7320972838675357,0.07176338297713368,DiceLoss,PolyLRScheduler,AdamW,0.7274807400981556,0.00021795674203572561,0.7810517874877836
63,12.345679012345677,63,0.08524337814195584,0.0701834046723574,0.1002102759463015,0.09184054227024141,0.06672976002908915,0.09725290779178974,0.6297863162236587,0.01965751172432701,TopKLoss,PolyLRScheduler,SGD,0.5501921766079845,0.00011676999310315905,0.8581592845121554
64,12.345679012345677,64,0.9102583435360696,0.9217701616531953,0.9135450720500948,0.9067109852879183,0.9044081770079571,0.9048573216811828,2.6683437264475995,7.593035723228837e-05,CrossEntropyLoss,PolyLRScheduler,SGD,0.8541148850495631,3.46158167212936e-06,0.5401137277562602
65,12.345679012345677,65,0.08176026404579087,0.0745941019689923,0.07885339051576268,0.09059231332874662,0.07013463870811476,0.09462687570733797,1.5189366720701658,0.09982384925811423,DiceAndCrossEntropyLoss,CosineAnnealingLR,SGD,0.30417355738924656,0.00023134574880230325,0.724037388161199
66,12.345679012345677,66,0.3897537514946591,0.3621289979544251,0.6749373202419274,0.294134229689333,0.28692724729553865,0.3306409622920713,0.6415060404047597,0.012159111804325525,CrossEntropyLoss,None,Adam,0.8493191637610119,0.0006054832867751703,0.6251886793358771
67,12.345679012345677,67,0.0875567296574324,0.0819853991055135,0.08073793677602858,0.08840186204424327,0.08895415885641089,0.09770429150496573,1.0410303982294065,0.017573130381403793,DiceLoss,None,SGD,0.19604455900770842,0.0013655418622181522,0.890817509055539
68,12.345679012345677,68,0.08307710901045177,0.07818622235058925,0.08305625555374574,0.08868965459506595,0.06647659081207458,0.09897682174078337,2.3523430508816014,8.424169920502207e-05,DiceAndCrossEntropyLoss,CosineAnnealingLR,AdamW,0.22885739019915685,3.433962615440278e-06,0.8368420099775596
69,12.345679012345677,69,0.08901636426688495,0.08826430359370752,0.07883874235227506,0.1057937604803808,0.07515228524494422,0.09703272966311716,2.201057844365357,0.076710072958927,CrossEntropyLoss,PolyLRScheduler,SGD,0.1269613476388988,4.1456821054193436e-05,0.8163557948431336
70,12.345679012345677,70,0.08540155800452835,0.08202559024875511,0.08081957216179292,0.09608196825382742,0.06821622307198227,0.09986443628628405,0.8168666205225321,0.002596222293081757,DiceLoss,PolyLRScheduler,SGD,0.46450759312972895,2.7992273958654616e-05,0.9792498905099867
71,12.345679012345677,71,0.5213705550239374,0.19932226678164677,1.0,0.24851533651224167,0.9974601487778959,0.16155502304790237,1.650163527828942,0.021328260877623337,DiceAndCrossEntropyLoss,PolyLRScheduler,Adam,0.15202722720956952,1.0061364305156487e-06,0.9353126893214886
72,12.345679012345677,72,0.9822818444217287,0.9889972749966202,0.9830609472075631,0.9717895236245913,0.9999756510186291,0.9675858252612397,1.5620333744476607,0.0003905480370665797,TopKLoss,None,SGD,0.8611230080657867,0.0002955479356850689,0.5918370314310032
73,12.345679012345677,73,0.08024995021170556,0.06920441239100983,0.06947320590075479,0.09496256221537702,0.07044200204861173,0.09716756850277442,0.3183478031651279,0.002411501889608001,DiceAndCrossEntropyLoss,CosineAnnealingLR,SGD,0.27641104695050345,9.956454977755667e-06,0.9890151116728227
74,12.345679012345677,74,0.11940516148496623,0.10631075747247909,0.1274596424137031,0.12201965885868615,0.10115032521339562,0.14008542346656716,0.9770882735764214,0.0011285520548537423,DiceAndCrossEntropyLoss,PolyLRScheduler,SGD,0.2205046980356466,4.0628838110082594e-05,0.7810069883848229
75,12.345679012345677,75,0.9965388723669314,1.0,1.0,1.0,0.9944117806825252,0.9882825811521321,2.993982002806976,0.08944512541265064,CrossEntropyLoss,PolyLRScheduler,Adam,0.6959468588151881,4.4641029099759855e-05,0.5463267931225567
76,12.345679012345677,76,0.08139251214066104,0.06747507417050636,0.08813441564731461,0.08771932333657073,0.06832858199589154,0.09530516555302193,0.32449657342901295,0.000370916164498509,TopKLoss,CosineAnnealingLR,AdamW,0.18147632030416894,4.625495683760303e-06,0.8025924806800493
77,12.345679012345677,77,0.0800546547680731,0.0748841975970942,0.07272556933137397,0.09064437805819192,0.06326881331445211,0.09875031553925329,1.6735056970541504,0.07179216910175817,DiceAndCrossEntropyLoss,CosineAnnealingLR,SGD,0.51597012306013,4.83622265880692e-06,0.7498750188950571
78,12.345679012345677,78,0.1307078937316423,0.09525786810464765,0.16813513826319404,0.11491359511959609,0.11105180134261938,0.16418106582815428,0.8974609336314483,0.0003577803368984557,CrossEntropyLoss,CosineAnnealingLR,Adam,0.932079638462875,0.0002551844579881279,0.8341856235103756
79,12.345679012345677,79,0.14296739705546196,0.13750836334119887,0.22691953209908833,0.10193900954212698,0.11124768911717198,0.13722239117772372,0.8557893438920114,0.017407322869833347,DiceAndCrossEntropyLoss,None,Adam,0.6752617822944984,1.0569895424776608e-05,0.9693471196247065
80,12.345679012345677,80,0.07988659212439302,0.07168799764855505,0.07152323518182424,0.09164807928022134,0.06912743617643025,0.09544621233493422,2.1909493550761656,0.04640936265255566,TopKLoss,PolyLRScheduler,SGD,0.5680333418366945,3.066578124803903e-06,0.8446180735535318
81,12.345679012345677,81,0.09177347665036248,0.08107582912949163,0.09097813223458218,0.10837813525784445,0.07512958115060475,0.10330570547928941,1.9312493669269606,0.04928600236001208,DiceLoss,None,SGD,0.37152711478333117,1.9027915599637695e-05,0.8894528544764853
82,37.03703703703703,80,0.07429205457687435,0.06607629112814639,0.0688381094879722,0.08371052545218838,0.06085474745048569,0.09198059936557912,2.1909493550761656,0.04640936265255566,TopKLoss,PolyLRScheduler,SGD,0.5680333418366945,3.066578124803903e-06,0.8446180735535318
83,37.03703703703703,77,0.07294413723604942,0.06734887509705278,0.06941401587036422,0.07985923618731672,0.0614095933361547,0.08668896568935869,1.6735056970541504,0.07179216910175817,DiceAndCrossEntropyLoss,CosineAnnealingLR,SGD,0.51597012306013,4.83622265880692e-06,0.7498750188950571
84,37.03703703703703,73,0.07503431569007901,0.06722752385894704,0.0656575114407465,0.08642178379583232,0.06380238254125592,0.09206237681361329,0.3183478031651279,0.002411501889608001,DiceAndCrossEntropyLoss,CosineAnnealingLR,SGD,0.27641104695050345,9.956454977755667e-06,0.9890151116728227
85,37.03703703703703,76,0.07224805795400047,0.06427420051061006,0.06624260309480146,0.0770508066861505,0.0648461805860554,0.08882649889238492,0.32449657342901295,0.000370916164498509,TopKLoss,CosineAnnealingLR,AdamW,0.18147632030416894,4.625495683760303e-06,0.8025924806800493
86,37.03703703703703,65,0.07410008120311554,0.06599581673608856,0.06931563232938243,0.08238114884094183,0.06473683108856265,0.08807097702060218,1.5189366720701658,0.09982384925811423,DiceAndCrossEntropyLoss,CosineAnnealingLR,SGD,0.30417355738924656,0.00023134574880230325,0.724037388161199
87,37.03703703703703,46,0.07688638686101068,0.06702601160518062,0.07370202015981109,0.08428480622612544,0.06691517988724094,0.09250391642669531,0.9204251788225997,0.003913922944854862,DiceAndCrossEntropyLoss,PolyLRScheduler,SGD,0.42018558228264713,0.00011468516553788085,0.9407396602426811
88,37.03703703703703,68,0.07299735319615586,0.06546393026691122,0.06822547280452329,0.07933396717655017,0.059246091762507946,0.09271730397028666,2.3523430508816014,8.424169920502207e-05,DiceAndCrossEntropyLoss,CosineAnnealingLR,AdamW,0.22885739019915685,3.433962615440278e-06,0.8368420099775596
89,37.03703703703703,20,0.08517332454612685,0.0717230788290083,0.12846960057629486,0.07504254677225852,0.06640055368089826,0.0842308428721743,1.4796553460180568,0.005912053628530867,DiceAndCrossEntropyLoss,PolyLRScheduler,SGD,0.5330439625054918,0.002310022052691569,0.9644282358310472
90,37.03703703703703,14,0.07550032632440966,0.06189380511949172,0.08711117320201078,0.07681391606635835,0.0638330651564839,0.08784967207770356,0.6371714966709258,7.75841305486524e-05,DiceAndCrossEntropyLoss,PolyLRScheduler,Adam,0.4904588086175671,8.121916343315396e-06,0.741619663985853
91,37.03703703703703,23,0.07272027464120615,0.06589304996195755,0.06803193710347433,0.08218165706411718,0.06532259471213808,0.08217213436434356,1.061679319629873,0.005146907561661071,DiceAndCrossEntropyLoss,PolyLRScheduler,SGD,0.5786143763491366,3.7945299263835863e-05,0.9662101191039068
92,37.03703703703703,63,0.07443411529146464,0.06550133610356923,0.07172347152870717,0.08095519116378957,0.0648423894901694,0.08914818817108783,0.6297863162236587,0.01965751172432701,TopKLoss,PolyLRScheduler,SGD,0.5501921766079845,0.00011676999310315905,0.8581592845121554
93,37.03703703703703,70,0.07496400931661795,0.0650595534887799,0.06841433575641553,0.08449185136591408,0.06659199890701561,0.09026230706496463,0.8168666205225321,0.002596222293081757,DiceLoss,PolyLRScheduler,SGD,0.46450759312972895,2.7992273958654616e-05,0.9792498905099867
94,37.03703703703703,49,0.07554433438016724,0.06952753632322728,0.07166324202597618,0.08560693210430415,0.06283748384578336,0.0880864776015452,1.9045409762531356,0.016069507907862768,TopKLoss,CosineAnnealingLR,SGD,0.28797976240316886,1.7465848833605635e-05,0.8504222079202093
95,37.03703703703703,39,0.07497014707743103,0.06574100868970456,0.06559780097317924,0.08421111539975978,0.06819655575612815,0.09110425456838345,0.33471086882285794,0.0023916127275286207,DiceAndCrossEntropyLoss,PolyLRScheduler,SGD,0.4151485221356458,8.381561509473688e-06,0.9780750169417495
96,37.03703703703703,29,0.0807800039149685,0.0649095310211204,0.1050458583192243,0.08138145682652143,0.06421186738393692,0.08835130602403951,0.3946914452273447,5.3118188728205876e-05,DiceLoss,PolyLRScheduler,AdamW,0.3066249009186053,5.0868218580202505e-06,0.9932032985307406
97,37.03703703703703,67,0.074600593619959,0.07181694200750188,0.06973137806425167,0.07563947717280972,0.06844787030484567,0.087367300550386,1.0410303982294065,0.017573130381403793,DiceLoss,None,SGD,0.19604455900770842,0.0013655418622181522,0.890817509055539
98,37.03703703703703,28,0.07634468171422044,0.06714531343869534,0.08038648100706614,0.0803052839618601,0.0644208366325435,0.08946549353093713,0.9139615990617378,0.06008907025190961,DiceLoss,None,SGD,0.25912460606864113,8.10874517106339e-06,0.9699268368583368
99,37.03703703703703,69,0.07661365648596849,0.07048684775201264,0.07158201095601702,0.08794527173304578,0.06404091036198745,0.0890132416267796,2.201057844365357,0.076710072958927,CrossEntropyLoss,PolyLRScheduler,SGD,0.1269613476388988,4.1456821054193436e-05,0.8163557948431336
100,37.03703703703703,36,0.0755970323128379,0.06519840540621202,0.07174994235199006,0.08847890954213122,0.06477187613216162,0.08778602813169456,0.8647974449314777,0.007357859542576843,TopKLoss,PolyLRScheduler,SGD,0.26844853552780734,7.062201667929914e-05,0.8618141698212951
101,37.03703703703703,9,0.0780186202289381,0.06692861723082144,0.06602306339555342,0.08626855400135158,0.0772490341071026,0.0936238324098615,0.3486057288371832,0.011697547414781285,DiceAndCrossEntropyLoss,CosineAnnealingLR,SGD,0.5812728726358587,0.0033646620317025026,0.79800193014111
102,37.03703703703703,8,0.07900481049956472,0.08057764485351337,0.07457623295061488,0.08343667587280024,0.06378740471540345,0.09264609410549163,1.1735378233752793,0.0008302844962547875,DiceAndCrossEntropyLoss,PolyLRScheduler,Adam,0.2362856645784429,2.527514489489815e-05,0.90263731911568
103,37.03703703703703,81,0.07547509845038558,0.06692329673050856,0.0768714222638397,0.08203479118154444,0.06496409770647293,0.08658188436956227,1.9312493669269606,0.04928600236001208,DiceLoss,None,SGD,0.37152711478333117,1.9027915599637695e-05,0.8894528544764853
104,37.03703703703703,52,0.0821356487410068,0.07468539951691455,0.07789891319538911,0.09485375218612913,0.06636250135801414,0.09687767744858711,1.1492426566997909,0.024389241781800425,CrossEntropyLoss,CosineAnnealingLR,SGD,0.183563885046803,4.3675374494594146e-05,0.8816799018265902
105,37.03703703703703,24,0.0797422451319165,0.07146697084142062,0.07915742676232373,0.09254370471754625,0.06336494974640827,0.09217817359188363,0.8616383127311454,0.0010799653993114817,DiceAndCrossEntropyLoss,PolyLRScheduler,SGD,0.3689308552301236,1.2619113062219433e-05,0.9545664264393765
106,37.03703703703703,38,0.0903499420259009,0.07064268120787065,0.08254853802025008,0.10670603163475922,0.08843534181547519,0.10341711745114934,0.6009157410049265,0.004016618644674486,DiceAndCrossEntropyLoss,None,SGD,0.8373178222949098,0.00042727044562617923,0.9140666378687602
107,37.03703703703703,7,0.08008437471664945,0.06988593114697217,0.07505245747630351,0.08365332012911386,0.07119760695098731,0.10063255787987035,0.6504664128826286,0.001822869029807343,DiceLoss,CosineAnnealingLR,AdamW,0.09394051075844168,0.0002012732142826837,0.7111541935713871
108,37.03703703703703,60,0.08208023181696526,0.07059526069349675,0.07654868874181242,0.08492903844450161,0.06494733495822391,0.11338083624679163,0.2790275498593999,0.004998309150327222,TopKLoss,CosineAnnealingLR,AdamW,0.4779348398619859,2.9675813817916617e-05,0.8348329142201772
109,111.1111111111111,76,0.06917022910283659,0.06088903151070657,0.06538543450567647,0.07346128235956884,0.06040130719080716,0.08571408994742391,0.32449657342901295,0.000370916164498509,TopKLoss,CosineAnnealingLR,AdamW,0.18147632030416894,4.625495683760303e-06,0.8025924806800493
110,111.1111111111111,23,0.07097375407700572,0.0640328729955092,0.06874827263995975,0.07866505707265714,0.061225224104233256,0.08219734357266928,1.061679319629873,0.005146907561661071,DiceAndCrossEntropyLoss,PolyLRScheduler,SGD,0.5786143763491366,3.7945299263835863e-05,0.9662101191039068
111,111.1111111111111,77,0.06990481055588652,0.06356197087023985,0.06767574966757584,0.07471003646045249,0.05974275482481817,0.08383354095634621,1.6735056970541504,0.07179216910175817,DiceAndCrossEntropyLoss,CosineAnnealingLR,SGD,0.51597012306013,4.83622265880692e-06,0.7498750188950571
112,111.1111111111111,68,0.07026061371869204,0.06259078265893248,0.06614858469659901,0.07736162389078904,0.05896914984896551,0.08623292749817413,2.3523430508816014,8.424169920502207e-05,DiceAndCrossEntropyLoss,CosineAnnealingLR,AdamW,0.22885739019915685,3.433962615440278e-06,0.8368420099775596
113,111.1111111111111,65,0.07005313052785875,0.06239811361170844,0.06764817075716256,0.07256450518572022,0.06449264658144349,0.08316221650325906,1.5189366720701658,0.09982384925811423,DiceAndCrossEntropyLoss,CosineAnnealingLR,SGD,0.30417355738924656,0.00023134574880230325,0.724037388161199
114,111.1111111111111,80,0.06878841537813389,0.06137396785649929,0.062363133023755846,0.07976510269029813,0.06062605154163059,0.07981382177848562,2.1909493550761656,0.04640936265255566,TopKLoss,PolyLRScheduler,SGD,0.5680333418366945,3.066578124803903e-06,0.8446180735535318
115,111.1111111111111,63,0.06982918751962557,0.06362378625653042,0.06395124992113654,0.0793684184517277,0.061023491448591205,0.08117899152014196,0.6297863162236587,0.01965751172432701,TopKLoss,PolyLRScheduler,SGD,0.5501921766079845,0.00011676999310315905,0.8581592845121554
116,111.1111111111111,67,0.07135089785640691,0.0675241337333703,0.07054242514115971,0.07210324366814203,0.06023825034559871,0.08634643639376383,1.0410303982294065,0.017573130381403793,DiceLoss,None,SGD,0.19604455900770842,0.0013655418622181522,0.890817509055539
117,111.1111111111111,70,0.07175375465274056,0.06490147170507254,0.06486685134738446,0.08115307195851829,0.06067439109653694,0.0871729871561906,0.8168666205225321,0.002596222293081757,DiceLoss,PolyLRScheduler,SGD,0.46450759312972895,2.7992273958654616e-05,0.9792498905099867
118,333.3333333333333,80,0.06791393308551967,0.06285523099406087,0.0637896681218375,0.07597783807913616,0.05787735144286543,0.07906957678969839,2.1909493550761656,0.04640936265255566,TopKLoss,PolyLRScheduler,SGD,0.5680333418366945,3.066578124803903e-06,0.8446180735535318
119,333.3333333333333,76,0.06840188658414495,0.060075815907099095,0.06596312361147594,0.0746333687324423,0.05740683039795391,0.08393029427175347,0.32449657342901295,0.000370916164498509,TopKLoss,CosineAnnealingLR,AdamW,0.18147632030416894,4.625495683760303e-06,0.8025924806800493
120,333.3333333333333,63,0.06820340613354292,0.06196828279025046,0.06271893538981443,0.07695718818504593,0.058659735966157256,0.08071288833644652,0.6297863162236587,0.01965751172432701,TopKLoss,PolyLRScheduler,SGD,0.5501921766079845,0.00011676999310315905,0.8581592845121554
121,1000.0,80,0.06720099923270448,0.0613604820062561,0.06334171913748055,0.07564862058549493,0.056263446920364,0.07939072751392684,2.1909493550761656,0.04640936265255566,TopKLoss,PolyLRScheduler,SGD,0.5680333418366945,3.066578124803903e-06,0.8446180735535318
122,37.03703703703703,82,0.07633040640208184,0.07091071441509267,0.07329883145620686,0.08681356346146718,0.06196805369708569,0.0886608689805568,1.0,0.01,DiceLoss,CosineAnnealingLR,SGD,0.17277147532181156,3.810543495300155e-06,0.99
123,37.03703703703703,83,0.08283016061279866,0.07545867599062739,0.0807954291673938,0.09692778014784897,0.06659061913863806,0.0943782986194851,2.0757871747980237,0.024337401336679238,CrossEntropyLoss,CosineAnnealingLR,SGD,0.7063856288717021,0.00010850537327564748,0.8614652677663133
124,37.03703703703703,84,0.09404208146138009,0.08633515288413407,0.09785635239568302,0.08982459553976962,0.08006756624958422,0.11612674023772951,1.3382425794932458,0.002433104351452698,DiceLoss,PolyLRScheduler,Adam,0.08015797848852146,9.36841835957243e-05,0.8829006249431154
125,37.03703703703703,85,0.07855000760237962,0.07169150147301007,0.06943871898327925,0.0916800023012948,0.06454848873186747,0.09539132652244653,2.0443888370757044,0.07935417961150865,CrossEntropyLoss,CosineAnnealingLR,SGD,0.5135929455221978,3e-05,0.7740697568090372
126,37.03703703703703,86,0.07727658096732637,0.06960168728083549,0.06943599965007918,0.08948944152965677,0.06893563308476847,0.08892014329129194,1.271033954012613,0.004354708817492227,DiceAndCrossEntropyLoss,PolyLRScheduler,SGD,0.4300753821117618,1.0155614772168094e-05,0.8443750500260834
127,37.03703703703703,87,0.7511288515464718,0.7334318861288303,0.7750656454849337,0.7249527621879207,0.7852465743840867,0.7369473895465875,2.971955077819198,6.245523848809426e-05,DiceAndCrossEntropyLoss,CosineAnnealingLR,SGD,0.7211376713761182,0.0012755110090251803,0.5382474917953047
128,37.03703703703703,88,0.07463723354861558,0.06900163779798252,0.07203136643972852,0.08184561896499642,0.06362571310285836,0.08668183143751207,2.0312361490944877,0.002821639027830635,DiceAndCrossEntropyLoss,PolyLRScheduler,SGD,0.33,3e-05,0.99
129,37.03703703703703,89,0.10773202998329498,0.09591646825007005,0.12015529865279506,0.11666079399324025,0.08948676853138737,0.11644082048898219,1.3276646993505414,0.00043601687312039327,DiceAndCrossEntropyLoss,CosineAnnealingLR,SGD,0.36958951852286215,2.7903968671669505e-05,0.7903749788342006
130,37.03703703703703,90,0.1314731491248547,0.10565928523831247,0.16056252539129612,0.11747479801145888,0.13682130908075252,0.13684782790245342,1.9714233174365556,0.010712315884248582,CrossEntropyLoss,PolyLRScheduler,Adam,0.2420132103584134,1.0027472046765324e-05,0.7622272010266545
131,37.03703703703703,91,0.9325977088199616,0.9281146168225503,0.9430451688426923,0.9215439389274527,0.9443908717400631,0.9258939477670493,1.9454906812760187,3.206626330006217e-05,DiceLoss,PolyLRScheduler,SGD,0.771077346815188,1.3360259977898802e-05,0.7669375262623136
132,37.03703703703703,92,0.11116059563775194,0.09646815586529445,0.1331037410832293,0.11088232219380334,0.09267804119168421,0.12267071785474837,0.9498681755025838,0.0005953138753330073,DiceLoss,PolyLRScheduler,SGD,0.3900264173763773,0.0008104096278667426,0.8482240334271591
133,37.03703703703703,93,0.10801941277082568,0.09000943886786572,0.12069110604807876,0.11763701903040424,0.09414689495380635,0.1176126049539733,0.37670339009696474,0.00046451020019274385,DiceAndCrossEntropyLoss,PolyLRScheduler,SGD,0.49204650223871593,9.011901428844021e-06,0.8035917510296734
134,37.03703703703703,94,1.0,1.0,1.0,1.0,1.0,1.0,0.01514732386416695,0.03605165915126103,DiceAndCrossEntropyLoss,PolyLRScheduler,AdamW,0.18415798237478284,0.00022084885339009093,0.8166582183900146
135,37.03703703703703,95,0.07446569877379247,0.06466680464962682,0.08004327174055903,0.07769129491625493,0.06416201484534123,0.08576510771718038,0.16417644776805973,0.036834011046480895,DiceAndCrossEntropyLoss,PolyLRScheduler,SGD,0.3165390511982438,1.2943135850845775e-05,0.8741854802408296
136,37.03703703703703,96,0.09862023769537334,0.09090137758371553,0.10612813564667867,0.10826978344951899,0.07836682119472216,0.10943507060223134,1.5856049497612397,0.0003865098763158938,DiceAndCrossEntropyLoss,PolyLRScheduler,SGD,0.03992077883166689,3.85667106558862e-05,0.8698898786413004
137,37.03703703703703,97,0.1941134593038406,0.09486794909707985,0.4875971732609379,0.10467648406255314,0.13015348186435216,0.15327220823428,0.820046209619612,0.03536113316338357,DiceAndCrossEntropyLoss,None,Adam,0.6218099443159499,1.0778611363830115e-05,0.7927834007607147
138,37.03703703703703,98,0.1011860554907374,0.06477845250312397,0.12480138005077401,0.10465087377785542,0.06971032147784229,0.14198924964409132,0.5346028648178044,4.83824874485643e-05,DiceAndCrossEntropyLoss,CosineAnnealingLR,Adam,0.855483761218211,0.00034021643133914676,0.5263219708833141
139,37.03703703703703,99,0.0768578648616762,0.07042322642029741,0.07409320108619744,0.08410513802446351,0.06670636918214845,0.08896138959527422,1.0,0.01,TopKLoss,CosineAnnealingLR,SGD,0.33,3e-05,0.99
140,37.03703703703703,100,0.12313293533655552,0.06957652782201995,0.11379290709090384,0.09083909895400777,0.0698240691300811,0.2716320736857649,0.10694752263474383,0.00846319105052292,TopKLoss,CosineAnnealingLR,AdamW,0.763805472939278,0.0002742725913830953,0.915017084967275
141,37.03703703703703,101,0.07542778901960596,0.06494040869875295,0.07138941523294018,0.08104308302583252,0.06505041440229431,0.09471562373820985,0.6450536101339395,0.037630613313750456,DiceLoss,PolyLRScheduler,SGD,0.3637634688268255,0.00036080482680149326,0.7871415457748647
142,37.03703703703703,102,0.09935351599487449,0.08367697567615195,0.11303236970147879,0.10302831444145988,0.07617534188392205,0.12085457827135981,2.0238878054782727,0.0010007313201738381,DiceAndCrossEntropyLoss,None,SGD,0.47554796405519195,0.00019216675931416646,0.7861205200571152
143,37.03703703703703,103,0.944164201496695,0.9410686670677397,0.9528032132954647,0.9348805892745352,0.9534571838621608,0.9386113539835744,1.9323860391257632,2.3605650642702386e-05,DiceLoss,PolyLRScheduler,SGD,0.5151529471065713,0.0010494423116045937,0.710615268833537
144,37.03703703703703,104,0.09514324942538999,0.08453668425934802,0.10131082153741333,0.10547982143566326,0.07962619543047067,0.10476272446405466,2.8651924361206795,0.001190426852063083,DiceAndCrossEntropyLoss,CosineAnnealingLR,SGD,0.19419420761346906,4.493027607484603e-05,0.7616994402098399
145,37.03703703703703,105,0.0899195337058358,0.07356545255824765,0.07864243791325254,0.10929944108649448,0.0834024630982988,0.10468787387288558,0.3426373843147734,0.018096302400578173,DiceAndCrossEntropyLoss,PolyLRScheduler,SGD,0.862666057932753,1.0402854424755148e-05,0.5114590481504737
146,37.03703703703703,106,0.9985932055160905,0.9993378204599451,0.9988373152408224,0.9984237472721968,0.9986554808998808,0.9977116637076071,1.6778496930823876,0.0001030321276910261,CrossEntropyLoss,CosineAnnealingLR,SGD,0.33436505746386186,4.710711231465485e-05,0.9428643053512941
147,37.03703703703703,107,0.07610417650228334,0.06679317637029836,0.06773918672553758,0.08538223069759632,0.06679148473373475,0.09381480398424968,0.7095566186722675,0.002995989848515864,DiceAndCrossEntropyLoss,PolyLRScheduler,SGD,0.12889771345745266,2.102754712127933e-06,0.9287663589443582
148,37.03703703703703,108,0.07423360025007586,0.06784988211786358,0.07315177663899053,0.07644401701033665,0.06312401055131778,0.09059831493187076,1.440870862833281,0.012242518118838632,DiceAndCrossEntropyLoss,PolyLRScheduler,SGD,0.1721342841216069,1.2965400971661744e-05,0.9452126056512679
149,111.1111111111111,108,0.06946269523839424,0.06408556500377605,0.06685827516065312,0.07460767677104163,0.05921164110211552,0.08255031815438485,1.440870862833281,0.012242518118838632,DiceAndCrossEntropyLoss,PolyLRScheduler,SGD,0.1721342841216069,1.2965400971661744e-05,0.9452126056512679
150,111.1111111111111,95,0.07136435056129267,0.06239898177779368,0.06797761931322222,0.07919423698835448,0.06018955320722408,0.08706136151986887,0.16417644776805973,0.036834011046480895,DiceAndCrossEntropyLoss,PolyLRScheduler,SGD,0.3165390511982438,1.2943135850845775e-05,0.8741854802408296
151,111.1111111111111,88,0.07046880236303314,0.0638876049223076,0.06878353368938339,0.07791491730799893,0.05921628751735175,0.08254166837812404,2.0312361490944877,0.002821639027830635,DiceAndCrossEntropyLoss,PolyLRScheduler,SGD,0.33,3e-05,0.99
152,111.1111111111111,101,0.07122264561820875,0.06387783797148616,0.07222125494824683,0.07721169683809403,0.060488974302631004,0.0823134640305857,0.6450536101339395,0.037630613313750456,DiceLoss,PolyLRScheduler,SGD,0.3637634688268255,0.00036080482680149326,0.7871415457748647
153,111.1111111111111,107,0.07097261094491933,0.06502193160996705,0.06154852188623128,0.08064168192731536,0.06144180387295539,0.08620911542812759,0.7095566186722675,0.002995989848515864,DiceAndCrossEntropyLoss,PolyLRScheduler,SGD,0.12889771345745266,2.102754712127933e-06,0.9287663589443582
154,111.1111111111111,82,0.07219771706790086,0.06485684248373458,0.06992172239942385,0.07758022425972277,0.060682341925510586,0.0879474542711125,1.0,0.01,DiceLoss,CosineAnnealingLR,SGD,0.17277147532181156,3.810543495300155e-06,0.99
155,111.1111111111111,99,0.06961501028581474,0.06394026714858247,0.06581067920171735,0.07820654995025311,0.06035093576297801,0.07976661936554275,1.0,0.01,TopKLoss,CosineAnnealingLR,SGD,0.33,3e-05,0.99
156,111.1111111111111,86,0.07226815752176532,0.06438299654355784,0.06501529798839534,0.08224388100016866,0.061089391193081655,0.08860922088362311,1.271033954012613,0.004354708817492227,DiceAndCrossEntropyLoss,PolyLRScheduler,SGD,0.4300753821117618,1.0155614772168094e-05,0.8443750500260834
157,111.1111111111111,85,0.07249990346257232,0.06585833068485947,0.06430100348103174,0.08066175751557436,0.06287125049572462,0.08880717513567138,2.0443888370757044,0.07935417961150865,CrossEntropyLoss,CosineAnnealingLR,SGD,0.5135929455221978,3e-05,0.7740697568090372
158,333.3333333333333,108,0.06728569416999601,0.06325208171503083,0.061676631215432653,0.07445621311860862,0.05648621091444428,0.08055733388646369,1.440870862833281,0.012242518118838632,DiceAndCrossEntropyLoss,PolyLRScheduler,SGD,0.1721342841216069,1.2965400971661744e-05,0.9452126056512679
159,333.3333333333333,99,0.06718470235807272,0.062481504371684204,0.06323725844179529,0.07509120984555862,0.05765825423927817,0.07745528489204734,1.0,0.01,TopKLoss,CosineAnnealingLR,SGD,0.33,3e-05,0.99
160,333.3333333333333,88,0.06902789251728088,0.0644845167259559,0.06433374140806958,0.07739126815398878,0.057268925162692,0.08166101113569812,2.0312361490944877,0.002821639027830635,DiceAndCrossEntropyLoss,PolyLRScheduler,SGD,0.33,3e-05,0.99
161,1000.0,99,0.06653996303865022,0.06092247993701849,0.06420826683261127,0.07395897076013103,0.05737201397225966,0.07623808369123064,1.0,0.01,TopKLoss,CosineAnnealingLR,SGD,0.33,3e-05,0.99
162,111.1111111111111,109,0.07268935016748775,0.06176225809260416,0.06688073538295813,0.07635205261254963,0.06228253207648082,0.09616917267284597,0.17607195433350276,0.01,DiceAndCrossEntropyLoss,PolyLRScheduler,SGD,0.1692618616617774,4.238737106361516e-05,0.99
163,111.1111111111111,110,0.10378030742469897,0.07674845212099979,0.16672682661233018,0.09916572108192978,0.07626459821657028,0.09999593909166482,0.7399323187702311,0.006230976030890486,TopKLoss,None,Adam,0.1338939530696514,3.0413621712760983e-05,0.9895398610823604
164,111.1111111111111,111,0.06949332845854232,0.06408181287034043,0.06654009143848816,0.07540407491270906,0.058384903936457455,0.08305575913471652,1.6847459135865965,0.0023568994036899144,DiceAndCrossEntropyLoss,PolyLRScheduler,AdamW,0.42428300096836646,3e-05,0.9280208093446388
165,111.1111111111111,112,0.07035117357999898,0.06209371068325964,0.06811580971689069,0.07622184626921524,0.05906720365799212,0.08625729757263723,0.4844137116682439,0.04058114356962163,DiceAndCrossEntropyLoss,PolyLRScheduler,SGD,0.1693317800918014,3.197891812016304e-05,0.9070649254395822
166,111.1111111111111,113,0.07037468293375446,0.06068845853258886,0.06738919877903493,0.07944067292176049,0.060518867744803195,0.08383621669058483,1.2762326646015554,0.007920424144506688,TopKLoss,CosineAnnealingLR,AdamW,0.3096828516789354,1.6573837203430427e-05,0.9413370424462629
167,111.1111111111111,114,0.07322261355089672,0.06407867606418238,0.07015143106663801,0.07965079895264315,0.06528400775904153,0.08694815391197852,0.4134939066493647,2.1085928954415394e-05,TopKLoss,None,Adam,0.07678624566611059,1.3125618388447872e-05,0.6561929645449098
168,111.1111111111111,115,0.07001139749560732,0.06449323012755637,0.0676637352423951,0.07599555012203396,0.059386239740335967,0.0825182322457152,1.4641310530596061,0.057270752301891735,DiceAndCrossEntropyLoss,PolyLRScheduler,SGD,0.1632780543306054,1.3588180097610154e-05,0.9378104825195683
169,111.1111111111111,116,0.2170385863376038,0.15245175304290204,0.37282400877331956,0.17122302990638705,0.22187840842670958,0.16681573153870088,1.0,0.01,DiceAndCrossEntropyLoss,PolyLRScheduler,Adam,0.33,0.00711679381077536,0.9170330414968265
170,111.1111111111111,117,0.0709516842735747,0.06595382679466488,0.0665932339859554,0.07700830223107324,0.0602219736908961,0.08498108466528387,1.0,0.00239269251444163,DiceAndCrossEntropyLoss,PolyLRScheduler,SGD,0.33,1.0277035621836125e-06,0.99
171,333.3333333333333,111,0.06824753166440241,0.06249492057076311,0.06584595881923261,0.0755471028528456,0.05771848688820547,0.07963118919096523,1.6847459135865965,0.0023568994036899144,DiceAndCrossEntropyLoss,PolyLRScheduler,AdamW,0.42428300096836646,3e-05,0.9280208093446388
172,333.3333333333333,115,0.0684411948781535,0.06288064944054605,0.06889853478545571,0.07347399084499828,0.058511766064346826,0.07844103325542062,1.4641310530596061,0.057270752301891735,DiceAndCrossEntropyLoss,PolyLRScheduler,SGD,0.1632780543306054,1.3588180097610154e-05,0.9378104825195683
173,333.3333333333333,112,0.06975474695718517,0.06154617123726358,0.07190134331303732,0.07423499459450245,0.058075362403911646,0.08301586323721089,0.4844137116682439,0.04058114356962163,DiceAndCrossEntropyLoss,PolyLRScheduler,SGD,0.1693317800918014,3.197891812016304e-05,0.9070649254395822
174,1000.0,111,0.0679507611637518,0.06146781133360035,0.06584189445001343,0.07400834458920347,0.05619865962158355,0.08223709582435823,1.6847459135865965,0.0023568994036899144,DiceAndCrossEntropyLoss,PolyLRScheduler,AdamW,0.42428300096836646,3e-05,0.9280208093446388
175,333.3333333333333,118,0.07981517492368247,0.06347635576953048,0.12544805767815015,0.07205831912406091,0.05966788935909051,0.07842525268758027,0.8737131824323621,0.0001347614054102858,DiceLoss,None,Adam,0.33,3e-05,0.8059580248338059
176,333.3333333333333,119,0.08500647107662049,0.07586862508540515,0.07563525582531228,0.09865990211705644,0.0653443818193542,0.1095241905359744,1.66513496470364,0.002955641750830255,CrossEntropyLoss,PolyLRScheduler,SGD,0.7739491559608482,1.1655005814297592e-05,0.8724630040478124
177,333.3333333333333,120,1.0,1.0,1.0,1.0,1.0,1.0,1.154234706001868,0.0737622359423916,DiceAndCrossEntropyLoss,PolyLRScheduler,AdamW,0.5257394050045131,6.432042504822822e-06,0.8559463037371555
178,333.3333333333333,121,0.06636189381471598,0.060702911991971864,0.06415919500803602,0.0719852342489371,0.058797211205301125,0.07616491661933378,1.601538804055387,0.01,CrossEntropyLoss,PolyLRScheduler,SGD,0.33,3e-05,0.99
179,333.3333333333333,122,0.09217190535929765,0.08019388637325742,0.09759786837577811,0.11046396080845966,0.07283275512426202,0.09977105611473103,1.9922759598863338,0.00020347406705957275,TopKLoss,PolyLRScheduler,SGD,0.4965976657865199,3.39281389170787e-05,0.6535803525654241
180,333.3333333333333,123,0.06843201285504882,0.06295052679369384,0.06482005988757633,0.07343697229979895,0.059783774106315524,0.0811687311878595,1.0,0.00014238623888409953,DiceAndCrossEntropyLoss,PolyLRScheduler,Adam,0.5866511900231376,3e-05,0.8272426622779654
181,1000.0,121,0.06627051381561007,0.06100352426787492,0.06316993067888443,0.07271995299798917,0.05685752431859692,0.07760163681470489,1.601538804055387,0.01,CrossEntropyLoss,PolyLRScheduler,SGD,0.33,3e-05,0.99
182,1000.0,123,0.06863524910381431,0.0642444407158812,0.06759288186377865,0.07411821254349138,0.058447417246890176,0.07877329314903014,1.0,0.00014238623888409953,DiceAndCrossEntropyLoss,PolyLRScheduler,Adam,0.5866511900231376,3e-05,0.8272426622779654
183,1000.0,124,0.07678554022416409,0.06510549850861702,0.08014695106134351,0.08175012620380784,0.06598680316139971,0.09093832218565234,1.305311909660225,0.01,DiceAndCrossEntropyLoss,PolyLRScheduler,Adam,0.33,3e-05,0.8204271989865966
184,1000.0,125,0.06621655356848635,0.06039072238398602,0.06537681481862978,0.0718865824698196,0.058028341142165485,0.07540030702783085,1.0,0.01,DiceAndCrossEntropyLoss,PolyLRScheduler,SGD,0.45600340969757786,3e-05,0.99
185,1000.0,126,0.06565043694687323,0.06051267881703237,0.06202520931182065,0.07216467131925908,0.057418149460322754,0.07613147582593127,1.0,0.007760322343961424,TopKLoss,None,SGD,0.33,2.9303132858888967e-05,0.99
186,1000.0,127,0.06924003267680572,0.060752404418363604,0.06747414484087066,0.07821602953903284,0.055816297598839215,0.08394128698692227,0.5168548385308809,0.0010090563585125755,DiceAndCrossEntropyLoss,CosineAnnealingLR,AdamW,0.5823892516169066,1.5490277253919954e-06,0.8923902748255123
187,1000.0,128,0.06933390307118337,0.06346652750616699,0.06683544753001736,0.07841520125255319,0.05587057513853977,0.08208176392863953,1.6058205396332699,0.024623843040656592,DiceLoss,PolyLRScheduler,SGD,0.17495509008472437,7.251952002042991e-06,0.7014341150836848
