{
    "_best_ema": "None",
    "batch_size": "2",
    "configuration_manager": "{'data_identifier': 'nnUNetPlans_3d_fullres', 'preprocessor_name': 'DefaultPreprocessor', 'batch_size': 2, 'patch_size': (64, 192, 192), 'median_image_size_in_voxels': [150.0, 512.0, 512.0], 'spacing': [1.5, 0.7988280057907104, 0.7988280057907104], 'normalization_schemes': ['CTNormalization'], 'use_mask_for_norm': [False], 'resampling_fn_data': 'resample_data_or_seg_to_shape', 'resampling_fn_seg': 'resample_data_or_seg_to_shape', 'resampling_fn_data_kwargs': {'is_seg': False, 'order': 3, 'order_z': 0, 'force_separate_z': None}, 'resampling_fn_seg_kwargs': {'is_seg': True, 'order': 1, 'order_z': 0, 'force_separate_z': None}, 'resampling_fn_probabilities': 'resample_data_or_seg_to_shape', 'resampling_fn_probabilities_kwargs': {'is_seg': False, 'order': 1, 'order_z': 0, 'force_separate_z': None}, 'architecture': {'network_class_name': 'dynamic_network_architectures.architectures.unet.ResidualEncoderUNet', 'arch_kwargs': {'n_stages': 6, 'features_per_stage': (32, 64, 128, 256, 320, 320), 'conv_op': 'torch.nn.modules.conv.Conv3d', 'kernel_sizes': ((3, 3, 3), (3, 3, 3), (3, 3, 3), (3, 3, 3), (3, 3, 3), (3, 3, 3)), 'strides': ((1, 1, 1), (2, 2, 2), (2, 2, 2), (2, 2, 2), (2, 2, 2), (1, 2, 2)), 'n_blocks_per_stage': (1, 3, 4, 6, 6, 6), 'n_conv_per_stage_decoder': (1, 1, 1, 1, 1), 'conv_bias': True, 'norm_op': 'torch.nn.modules.instancenorm.InstanceNorm3d', 'norm_op_kwargs': {'eps': 1e-05, 'affine': True}, 'dropout_op': 'torch.nn.modules.dropout.Dropout3d', 'dropout_op_kwargs': {'p': 0.29115986652602766}, 'nonlin': 'torch.nn.LeakyReLU', 'nonlin_kwargs': {'inplace': True}}, '_kw_requires_import': ('conv_op', 'norm_op', 'dropout_op', 'nonlin')}, 'batch_dice': True}",
    "configuration_name": "3d_fullres",
    "cudnn_version": 90100,
    "current_epoch": "0",
    "dataloader_train": "<nnunetv2.training.data_augmentation.custom_transforms.limited_length_multithreaded_augmenter.LimitedLenWrapper object at 0x7f702e60b460>",
    "dataloader_train.generator": "<nnunetv2.training.dataloading.data_loader_3d.nnUNetDataLoader3D object at 0x7f702e60b310>",
    "dataloader_train.num_processes": "30",
    "dataloader_train.transform": "Compose ( [SpatialTransform( independent_scale_for_each_axis = False, p_rot_per_sample = 0.5722054178563879, p_scale_per_sample = 0.5722054178563879, p_el_per_sample = 0, data_key = 'data', label_key = 'seg', patch_size = (64, 192, 192), patch_center_dist_from_border = None, do_elastic_deform = False, alpha = (0, 0), sigma = (0, 0), do_rotation = True, angle_x = (-0.5235987755982988, 0.5235987755982988), angle_y = (-0.5235987755982988, 0.5235987755982988), angle_z = (-0.5235987755982988, 0.5235987755982988), do_scale = True, scale = (0.7, 1.4), border_mode_data = 'constant', border_cval_data = 0, order_data = 3, border_mode_seg = 'constant', border_cval_seg = -1, order_seg = 1, random_crop = False, p_rot_per_axis = 1, p_independent_scale_per_axis = 1 ), GaussianNoiseTransform( p_per_sample = 0.28610270892819395, data_key = 'data', noise_variance = (0, 0.1), p_per_channel = 1, per_channel = False ), GaussianBlurTransform( p_per_sample = 0.5722054178563879, different_sigma_per_channel = True, p_per_channel = 0.5, data_key = 'data', blur_sigma = (0.5, 1.0), different_sigma_per_axis = False, p_isotropic = 0 ), BrightnessMultiplicativeTransform( p_per_sample = 0.42915406339229084, data_key = 'data', multiplier_range = (0.75, 1.25), per_channel = True ), ContrastAugmentationTransform( p_per_sample = 0.42915406339229084, data_key = 'data', contrast_range = (0.75, 1.25), preserve_range = True, per_channel = True, p_per_channel = 1 ), SimulateLowResolutionTransform( order_upsample = 3, order_downsample = 0, channels = None, per_channel = True, p_per_channel = 0.5, p_per_sample = 0.7152567723204848, data_key = 'data', zoom_range = (0.5, 1), ignore_axes = None ), GammaTransform( p_per_sample = 0.28610270892819395, retain_stats = True, per_channel = True, data_key = 'data', gamma_range = (0.7, 1.5), invert_image = True ), GammaTransform( p_per_sample = 0.8583081267845817, retain_stats = True, per_channel = True, data_key = 'data', gamma_range = (0.7, 1.5), invert_image = False ), MirrorTransform( p_per_sample = 1, data_key = 'data', label_key = 'seg', axes = (0, 1, 2) ), RemoveLabelTransform( output_key = 'seg', input_key = 'seg', replace_with = 0, remove_label = -1 ), RenameTransform( delete_old = True, out_key = 'target', in_key = 'seg' ), DownsampleSegForDSTransform2( axes = None, output_key = 'target', input_key = 'target', order = 0, ds_scales = [[1.0, 1.0, 1.0], [0.5, 0.5, 0.5], [0.25, 0.25, 0.25], [0.125, 0.125, 0.125], [0.0625, 0.0625, 0.0625]] ), NumpyToTensor( keys = ['data', 'target'], cast_to = 'float' )] )",
    "dataloader_val": "<nnunetv2.training.data_augmentation.custom_transforms.limited_length_multithreaded_augmenter.LimitedLenWrapper object at 0x7f702e60ac50>",
    "dataloader_val.generator": "<nnunetv2.training.dataloading.data_loader_3d.nnUNetDataLoader3D object at 0x7f702e60b4f0>",
    "dataloader_val.num_processes": "15",
    "dataloader_val.transform": "Compose ( [RemoveLabelTransform( output_key = 'seg', input_key = 'seg', replace_with = 0, remove_label = -1 ), RenameTransform( delete_old = True, out_key = 'target', in_key = 'seg' ), DownsampleSegForDSTransform2( axes = None, output_key = 'target', input_key = 'target', order = 0, ds_scales = [[1.0, 1.0, 1.0], [0.5, 0.5, 0.5], [0.25, 0.25, 0.25], [0.125, 0.125, 0.125], [0.0625, 0.0625, 0.0625]] ), NumpyToTensor( keys = ['data', 'target'], cast_to = 'float' )] )",
    "dataset_json": "{'name': 'HepaticVessel', 'description': 'Hepatic Vessels and Tumour Segmentation', 'reference': 'Memorial Sloan Kettering Cancer Center', 'licence': 'CC-BY-SA 4.0', 'release': '1.1 14/08/2018', 'tensorImageSize': '3D', 'labels': {'background': 0, 'Vessel': 1, 'Tumour': 2}, 'numTraining': 303, 'numTest': 140, 'file_ending': '.nii.gz', 'channel_names': {'0': 'CT'}}",
    "device": "cuda:0",
    "disable_checkpointing": "False",
    "enable_deep_supervision": "True",
    "fold": "2",
    "folder_with_segs_from_previous_stage": "None",
    "gpu_name": "NVIDIA H100 PCIe",
    "grad_scaler": "<torch.cuda.amp.grad_scaler.GradScaler object at 0x7f702e60bf40>",
    "hostname": "gpu005.kisski",
    "hp_config": "{'num_epochs': 12.345679012345677, 'total_epochs': 1000, 'optimizer': 'Adam', 'momentum': 0.6858877584428656, 'initial_lr': 2.690854846144204e-05, 'weight_decay': 1.5387467634104591e-06, 'lr_scheduler': 'CosineAnnealingLR', 'oversample_foreground_percent': 0.6985574097306692, 'loss_function': 'DiceLoss', 'aug_factor': 2.861027089281939, 'aug_scale_prob': 0.2, 'aug_rotate_prob': 0.2, 'aug_gaussian_noise_prob': 0.1, 'aug_gaussian_blur_prob': 0.2, 'aug_brightness_prob': 0.15, 'aug_contrast_prob': 0.15, 'aug_lowres_prob': 0.25, 'aug_gamma_1_prob': 0.1, 'aug_gamma_2_prob': 0.3, 'architecture': '${architecture}', 'base_num_features': 32, 'max_features': 320, 'encoder_type': 'ResidualEncoderM', 'activation': 'LeakyReLU', 'dropout_rate': 0.29115986652602766, 'model_scale': 1, 'normalization': 'InstanceNorm'}",
    "inference_allowed_mirroring_axes": "(0, 1, 2)",
    "initial_lr": "2.690854846144204e-05",
    "is_cascaded": "False",
    "is_ddp": "False",
    "label_manager": "<nnunetv2.utilities.label_handling.label_handling.LabelManager object at 0x7f702e60add0>",
    "local_rank": "0",
    "log_file": "./training_log.txt",
    "logger": "<autonnunet.training.auto_nnunet_logger.AutoNNUNetLogger object at 0x7f702e60a050>",
    "loss": "DeepSupervisionWrapper(\n  (loss): MemoryEfficientSoftDiceLoss()\n)",
    "lr_scheduler": "<torch.optim.lr_scheduler.CosineAnnealingLR object at 0x7f702e608490>",
    "my_init_kwargs": "{'plans': {'dataset_name': 'Dataset008_HepaticVessel', 'plans_name': 'nnUNetPlans', 'original_median_spacing_after_transp': [5.0, 0.7988280057907104, 0.7988280057907104], 'original_median_shape_after_transp': [49, 512, 512], 'image_reader_writer': 'SimpleITKIO', 'transpose_forward': [0, 1, 2], 'transpose_backward': [0, 1, 2], 'configurations': {'2d': {'data_identifier': 'nnUNetPlans_2d', 'preprocessor_name': 'DefaultPreprocessor', 'batch_size': 12, 'patch_size': (512, 512), 'median_image_size_in_voxels': [512.0, 512.0], 'spacing': [0.7988280057907104, 0.7988280057907104], 'normalization_schemes': ['CTNormalization'], 'use_mask_for_norm': [False], 'resampling_fn_data': 'resample_data_or_seg_to_shape', 'resampling_fn_seg': 'resample_data_or_seg_to_shape', 'resampling_fn_data_kwargs': {'is_seg': False, 'order': 3, 'order_z': 0, 'force_separate_z': None}, 'resampling_fn_seg_kwargs': {'is_seg': True, 'order': 1, 'order_z': 0, 'force_separate_z': None}, 'resampling_fn_probabilities': 'resample_data_or_seg_to_shape', 'resampling_fn_probabilities_kwargs': {'is_seg': False, 'order': 1, 'order_z': 0, 'force_separate_z': None}, 'architecture': {'network_class_name': 'dynamic_network_architectures.architectures.unet.ResidualEncoderUNet', 'arch_kwargs': {'n_stages': 8, 'features_per_stage': (32, 64, 128, 256, 512, 512, 512, 512), 'conv_op': 'torch.nn.modules.conv.Conv2d', 'kernel_sizes': ((3, 3), (3, 3), (3, 3), (3, 3), (3, 3), (3, 3), (3, 3), (3, 3)), 'strides': ((1, 1), (2, 2), (2, 2), (2, 2), (2, 2), (2, 2), (2, 2), (2, 2)), 'n_blocks_per_stage': (1, 3, 4, 6, 6, 6, 6, 6), 'n_conv_per_stage_decoder': (1, 1, 1, 1, 1, 1, 1), 'conv_bias': True, 'norm_op': 'torch.nn.modules.instancenorm.InstanceNorm2d', 'norm_op_kwargs': {'eps': 1e-05, 'affine': True}, 'dropout_op': 'torch.nn.modules.dropout.Dropout2d', 'dropout_op_kwargs': {'p': 0.29115986652602766}, 'nonlin': 'torch.nn.LeakyReLU', 'nonlin_kwargs': {'inplace': True}}, '_kw_requires_import': ('conv_op', 'norm_op', 'dropout_op', 'nonlin')}, 'batch_dice': True}, '3d_lowres': {'data_identifier': 'nnUNetPlans_3d_lowres', 'preprocessor_name': 'DefaultPreprocessor', 'batch_size': 2, 'patch_size': (64, 192, 192), 'median_image_size_in_voxels': (91, 310, 310), 'spacing': [2.479271448407627, 1.3203409779635416, 1.3203409779635416], 'normalization_schemes': ['CTNormalization'], 'use_mask_for_norm': [False], 'resampling_fn_data': 'resample_data_or_seg_to_shape', 'resampling_fn_seg': 'resample_data_or_seg_to_shape', 'resampling_fn_data_kwargs': {'is_seg': False, 'order': 3, 'order_z': 0, 'force_separate_z': None}, 'resampling_fn_seg_kwargs': {'is_seg': True, 'order': 1, 'order_z': 0, 'force_separate_z': None}, 'resampling_fn_probabilities': 'resample_data_or_seg_to_shape', 'resampling_fn_probabilities_kwargs': {'is_seg': False, 'order': 1, 'order_z': 0, 'force_separate_z': None}, 'architecture': {'network_class_name': 'dynamic_network_architectures.architectures.unet.ResidualEncoderUNet', 'arch_kwargs': {'n_stages': 6, 'features_per_stage': (32, 64, 128, 256, 320, 320), 'conv_op': 'torch.nn.modules.conv.Conv3d', 'kernel_sizes': ((3, 3, 3), (3, 3, 3), (3, 3, 3), (3, 3, 3), (3, 3, 3), (3, 3, 3)), 'strides': ((1, 1, 1), (2, 2, 2), (2, 2, 2), (2, 2, 2), (2, 2, 2), (1, 2, 2)), 'n_blocks_per_stage': (1, 3, 4, 6, 6, 6), 'n_conv_per_stage_decoder': (1, 1, 1, 1, 1), 'conv_bias': True, 'norm_op': 'torch.nn.modules.instancenorm.InstanceNorm3d', 'norm_op_kwargs': {'eps': 1e-05, 'affine': True}, 'dropout_op': 'torch.nn.modules.dropout.Dropout3d', 'dropout_op_kwargs': {'p': 0.29115986652602766}, 'nonlin': 'torch.nn.LeakyReLU', 'nonlin_kwargs': {'inplace': True}}, '_kw_requires_import': ('conv_op', 'norm_op', 'dropout_op', 'nonlin')}, 'batch_dice': False, 'next_stage': '3d_cascade_fullres'}, '3d_fullres': {'data_identifier': 'nnUNetPlans_3d_fullres', 'preprocessor_name': 'DefaultPreprocessor', 'batch_size': 2, 'patch_size': (64, 192, 192), 'median_image_size_in_voxels': [150.0, 512.0, 512.0], 'spacing': [1.5, 0.7988280057907104, 0.7988280057907104], 'normalization_schemes': ['CTNormalization'], 'use_mask_for_norm': [False], 'resampling_fn_data': 'resample_data_or_seg_to_shape', 'resampling_fn_seg': 'resample_data_or_seg_to_shape', 'resampling_fn_data_kwargs': {'is_seg': False, 'order': 3, 'order_z': 0, 'force_separate_z': None}, 'resampling_fn_seg_kwargs': {'is_seg': True, 'order': 1, 'order_z': 0, 'force_separate_z': None}, 'resampling_fn_probabilities': 'resample_data_or_seg_to_shape', 'resampling_fn_probabilities_kwargs': {'is_seg': False, 'order': 1, 'order_z': 0, 'force_separate_z': None}, 'architecture': {'network_class_name': 'dynamic_network_architectures.architectures.unet.ResidualEncoderUNet', 'arch_kwargs': {'n_stages': 6, 'features_per_stage': (32, 64, 128, 256, 320, 320), 'conv_op': 'torch.nn.modules.conv.Conv3d', 'kernel_sizes': ((3, 3, 3), (3, 3, 3), (3, 3, 3), (3, 3, 3), (3, 3, 3), (3, 3, 3)), 'strides': ((1, 1, 1), (2, 2, 2), (2, 2, 2), (2, 2, 2), (2, 2, 2), (1, 2, 2)), 'n_blocks_per_stage': (1, 3, 4, 6, 6, 6), 'n_conv_per_stage_decoder': (1, 1, 1, 1, 1), 'conv_bias': True, 'norm_op': 'torch.nn.modules.instancenorm.InstanceNorm3d', 'norm_op_kwargs': {'eps': 1e-05, 'affine': True}, 'dropout_op': 'torch.nn.modules.dropout.Dropout3d', 'dropout_op_kwargs': {'p': 0.29115986652602766}, 'nonlin': 'torch.nn.LeakyReLU', 'nonlin_kwargs': {'inplace': True}}, '_kw_requires_import': ('conv_op', 'norm_op', 'dropout_op', 'nonlin')}, 'batch_dice': True}, '3d_cascade_fullres': {'inherits_from': '3d_fullres', 'previous_stage': '3d_lowres'}}, 'experiment_planner_used': 'nnUNetPlannerResEncM', 'label_manager': 'LabelManager', 'foreground_intensity_properties_per_channel': {'0': {'max': 3072.0, 'mean': 128.6698455810547, 'median': 129.0, 'min': -726.0, 'percentile_00_5': 8.0, 'percentile_99_5': 268.0, 'std': 54.57704544067383}}}, 'configuration': '3d_fullres', 'fold': 2, 'dataset_json': {'name': 'HepaticVessel', 'description': 'Hepatic Vessels and Tumour Segmentation', 'reference': 'Memorial Sloan Kettering Cancer Center', 'licence': 'CC-BY-SA 4.0', 'release': '1.1 14/08/2018', 'tensorImageSize': '3D', 'labels': {'background': 0, 'Vessel': 1, 'Tumour': 2}, 'numTraining': 303, 'numTest': 140, 'file_ending': '.nii.gz', 'channel_names': {'0': 'CT'}}, 'unpack_dataset': True, 'device': device(type='cuda')}",
    "network": "OptimizedModule",
    "num_epochs": "12",
    "num_input_channels": "1",
    "num_iterations_per_epoch": "250",
    "num_val_iterations_per_epoch": "50",
    "optimizer": "Adam (\nParameter Group 0\n    amsgrad: False\n    betas: (0.9, 0.999)\n    capturable: False\n    differentiable: False\n    eps: 1e-08\n    foreach: None\n    fused: None\n    initial_lr: 2.690854846144204e-05\n    lr: 2.690854846144204e-05\n    maximize: False\n    weight_decay: 1.5387467634104591e-06\n)",
    "output_folder": ".",
    "output_folder_base": ".",
    "oversample_foreground_percent": "0.6985574097306692",
    "plans_manager": "{'dataset_name': 'Dataset008_HepaticVessel', 'plans_name': 'nnUNetPlans', 'original_median_spacing_after_transp': [5.0, 0.7988280057907104, 0.7988280057907104], 'original_median_shape_after_transp': [49, 512, 512], 'image_reader_writer': 'SimpleITKIO', 'transpose_forward': [0, 1, 2], 'transpose_backward': [0, 1, 2], 'configurations': {'2d': {'data_identifier': 'nnUNetPlans_2d', 'preprocessor_name': 'DefaultPreprocessor', 'batch_size': 12, 'patch_size': (512, 512), 'median_image_size_in_voxels': [512.0, 512.0], 'spacing': [0.7988280057907104, 0.7988280057907104], 'normalization_schemes': ['CTNormalization'], 'use_mask_for_norm': [False], 'resampling_fn_data': 'resample_data_or_seg_to_shape', 'resampling_fn_seg': 'resample_data_or_seg_to_shape', 'resampling_fn_data_kwargs': {'is_seg': False, 'order': 3, 'order_z': 0, 'force_separate_z': None}, 'resampling_fn_seg_kwargs': {'is_seg': True, 'order': 1, 'order_z': 0, 'force_separate_z': None}, 'resampling_fn_probabilities': 'resample_data_or_seg_to_shape', 'resampling_fn_probabilities_kwargs': {'is_seg': False, 'order': 1, 'order_z': 0, 'force_separate_z': None}, 'architecture': {'network_class_name': 'dynamic_network_architectures.architectures.unet.ResidualEncoderUNet', 'arch_kwargs': {'n_stages': 8, 'features_per_stage': (32, 64, 128, 256, 512, 512, 512, 512), 'conv_op': 'torch.nn.modules.conv.Conv2d', 'kernel_sizes': ((3, 3), (3, 3), (3, 3), (3, 3), (3, 3), (3, 3), (3, 3), (3, 3)), 'strides': ((1, 1), (2, 2), (2, 2), (2, 2), (2, 2), (2, 2), (2, 2), (2, 2)), 'n_blocks_per_stage': (1, 3, 4, 6, 6, 6, 6, 6), 'n_conv_per_stage_decoder': (1, 1, 1, 1, 1, 1, 1), 'conv_bias': True, 'norm_op': 'torch.nn.modules.instancenorm.InstanceNorm2d', 'norm_op_kwargs': {'eps': 1e-05, 'affine': True}, 'dropout_op': 'torch.nn.modules.dropout.Dropout2d', 'dropout_op_kwargs': {'p': 0.29115986652602766}, 'nonlin': 'torch.nn.LeakyReLU', 'nonlin_kwargs': {'inplace': True}}, '_kw_requires_import': ('conv_op', 'norm_op', 'dropout_op', 'nonlin')}, 'batch_dice': True}, '3d_lowres': {'data_identifier': 'nnUNetPlans_3d_lowres', 'preprocessor_name': 'DefaultPreprocessor', 'batch_size': 2, 'patch_size': (64, 192, 192), 'median_image_size_in_voxels': (91, 310, 310), 'spacing': [2.479271448407627, 1.3203409779635416, 1.3203409779635416], 'normalization_schemes': ['CTNormalization'], 'use_mask_for_norm': [False], 'resampling_fn_data': 'resample_data_or_seg_to_shape', 'resampling_fn_seg': 'resample_data_or_seg_to_shape', 'resampling_fn_data_kwargs': {'is_seg': False, 'order': 3, 'order_z': 0, 'force_separate_z': None}, 'resampling_fn_seg_kwargs': {'is_seg': True, 'order': 1, 'order_z': 0, 'force_separate_z': None}, 'resampling_fn_probabilities': 'resample_data_or_seg_to_shape', 'resampling_fn_probabilities_kwargs': {'is_seg': False, 'order': 1, 'order_z': 0, 'force_separate_z': None}, 'architecture': {'network_class_name': 'dynamic_network_architectures.architectures.unet.ResidualEncoderUNet', 'arch_kwargs': {'n_stages': 6, 'features_per_stage': (32, 64, 128, 256, 320, 320), 'conv_op': 'torch.nn.modules.conv.Conv3d', 'kernel_sizes': ((3, 3, 3), (3, 3, 3), (3, 3, 3), (3, 3, 3), (3, 3, 3), (3, 3, 3)), 'strides': ((1, 1, 1), (2, 2, 2), (2, 2, 2), (2, 2, 2), (2, 2, 2), (1, 2, 2)), 'n_blocks_per_stage': (1, 3, 4, 6, 6, 6), 'n_conv_per_stage_decoder': (1, 1, 1, 1, 1), 'conv_bias': True, 'norm_op': 'torch.nn.modules.instancenorm.InstanceNorm3d', 'norm_op_kwargs': {'eps': 1e-05, 'affine': True}, 'dropout_op': 'torch.nn.modules.dropout.Dropout3d', 'dropout_op_kwargs': {'p': 0.29115986652602766}, 'nonlin': 'torch.nn.LeakyReLU', 'nonlin_kwargs': {'inplace': True}}, '_kw_requires_import': ('conv_op', 'norm_op', 'dropout_op', 'nonlin')}, 'batch_dice': False, 'next_stage': '3d_cascade_fullres'}, '3d_fullres': {'data_identifier': 'nnUNetPlans_3d_fullres', 'preprocessor_name': 'DefaultPreprocessor', 'batch_size': 2, 'patch_size': (64, 192, 192), 'median_image_size_in_voxels': [150.0, 512.0, 512.0], 'spacing': [1.5, 0.7988280057907104, 0.7988280057907104], 'normalization_schemes': ['CTNormalization'], 'use_mask_for_norm': [False], 'resampling_fn_data': 'resample_data_or_seg_to_shape', 'resampling_fn_seg': 'resample_data_or_seg_to_shape', 'resampling_fn_data_kwargs': {'is_seg': False, 'order': 3, 'order_z': 0, 'force_separate_z': None}, 'resampling_fn_seg_kwargs': {'is_seg': True, 'order': 1, 'order_z': 0, 'force_separate_z': None}, 'resampling_fn_probabilities': 'resample_data_or_seg_to_shape', 'resampling_fn_probabilities_kwargs': {'is_seg': False, 'order': 1, 'order_z': 0, 'force_separate_z': None}, 'architecture': {'network_class_name': 'dynamic_network_architectures.architectures.unet.ResidualEncoderUNet', 'arch_kwargs': {'n_stages': 6, 'features_per_stage': (32, 64, 128, 256, 320, 320), 'conv_op': 'torch.nn.modules.conv.Conv3d', 'kernel_sizes': ((3, 3, 3), (3, 3, 3), (3, 3, 3), (3, 3, 3), (3, 3, 3), (3, 3, 3)), 'strides': ((1, 1, 1), (2, 2, 2), (2, 2, 2), (2, 2, 2), (2, 2, 2), (1, 2, 2)), 'n_blocks_per_stage': (1, 3, 4, 6, 6, 6), 'n_conv_per_stage_decoder': (1, 1, 1, 1, 1), 'conv_bias': True, 'norm_op': 'torch.nn.modules.instancenorm.InstanceNorm3d', 'norm_op_kwargs': {'eps': 1e-05, 'affine': True}, 'dropout_op': 'torch.nn.modules.dropout.Dropout3d', 'dropout_op_kwargs': {'p': 0.29115986652602766}, 'nonlin': 'torch.nn.LeakyReLU', 'nonlin_kwargs': {'inplace': True}}, '_kw_requires_import': ('conv_op', 'norm_op', 'dropout_op', 'nonlin')}, 'batch_dice': True}, '3d_cascade_fullres': {'inherits_from': '3d_fullres', 'previous_stage': '3d_lowres'}}, 'experiment_planner_used': 'nnUNetPlannerResEncM', 'label_manager': 'LabelManager', 'foreground_intensity_properties_per_channel': {'0': {'max': 3072.0, 'mean': 128.6698455810547, 'median': 129.0, 'min': -726.0, 'percentile_00_5': 8.0, 'percentile_99_5': 268.0, 'std': 54.57704544067383}}}",
    "preprocessed_dataset_folder": "/mnt/home/jbecktep/git_projects/MSC-JannisBecktepe-AutoNNUnet/data/nnUNet_preprocessed/Dataset008_HepaticVessel/nnUNetPlans_3d_fullres",
    "preprocessed_dataset_folder_base": "/mnt/home/jbecktep/git_projects/MSC-JannisBecktepe-AutoNNUnet/data/nnUNet_preprocessed/Dataset008_HepaticVessel",
    "save_every": "50",
    "torch_version": "2.4.1+cu121",
    "total_epochs": "1000",
    "unpack_dataset": "True",
    "was_initialized": "True",
    "weight_decay": "1.5387467634104591e-06"
}