{
    "dataset_name": "Dataset002_Heart",
    "plans_name": "nnUNetPlans",
    "original_median_spacing_after_transp": [
        1.3700000047683716,
        1.25,
        1.25
    ],
    "original_median_shape_after_transp": [
        115,
        320,
        232
    ],
    "image_reader_writer": "SimpleITKIO",
    "transpose_forward": [
        0,
        1,
        2
    ],
    "transpose_backward": [
        0,
        1,
        2
    ],
    "configurations": {
        "2d": {
            "data_identifier": "nnUNetPlans_2d",
            "preprocessor_name": "DefaultPreprocessor",
            "batch_size": 45,
            "patch_size": [
                320,
                256
            ],
            "median_image_size_in_voxels": [
                320.0,
                232.0
            ],
            "spacing": [
                1.25,
                1.25
            ],
            "normalization_schemes": [
                "ZScoreNormalization"
            ],
            "use_mask_for_norm": [
                true
            ],
            "resampling_fn_data": "resample_data_or_seg_to_shape",
            "resampling_fn_seg": "resample_data_or_seg_to_shape",
            "resampling_fn_data_kwargs": {
                "is_seg": false,
                "order": 3,
                "order_z": 0,
                "force_separate_z": null
            },
            "resampling_fn_seg_kwargs": {
                "is_seg": true,
                "order": 1,
                "order_z": 0,
                "force_separate_z": null
            },
            "resampling_fn_probabilities": "resample_data_or_seg_to_shape",
            "resampling_fn_probabilities_kwargs": {
                "is_seg": false,
                "order": 1,
                "order_z": 0,
                "force_separate_z": null
            },
            "architecture": {
                "network_class_name": "dynamic_network_architectures.architectures.unet.ResidualEncoderUNet",
                "arch_kwargs": {
                    "n_stages": 7,
                    "features_per_stage": [
                        36,
                        72,
                        144,
                        288,
                        512,
                        512,
                        512
                    ],
                    "conv_op": "torch.nn.modules.conv.Conv2d",
                    "kernel_sizes": [
                        [
                            3,
                            3
                        ],
                        [
                            3,
                            3
                        ],
                        [
                            3,
                            3
                        ],
                        [
                            3,
                            3
                        ],
                        [
                            3,
                            3
                        ],
                        [
                            3,
                            3
                        ],
                        [
                            3,
                            3
                        ]
                    ],
                    "strides": [
                        [
                            1,
                            1
                        ],
                        [
                            2,
                            2
                        ],
                        [
                            2,
                            2
                        ],
                        [
                            2,
                            2
                        ],
                        [
                            2,
                            2
                        ],
                        [
                            2,
                            2
                        ],
                        [
                            2,
                            2
                        ]
                    ],
                    "n_blocks_per_stage": [
                        1,
                        2,
                        2,
                        3,
                        3,
                        3,
                        3
                    ],
                    "n_conv_per_stage_decoder": [
                        1,
                        1,
                        1,
                        1,
                        1,
                        1
                    ],
                    "conv_bias": true,
                    "norm_op": "torch.nn.modules.batchnorm.BatchNorm2d",
                    "norm_op_kwargs": {
                        "eps": 1e-05,
                        "affine": true
                    },
                    "dropout_op": "torch.nn.modules.dropout.Dropout2d",
                    "dropout_op_kwargs": {
                        "p": 0.4214274439177286
                    },
                    "nonlin": "torch.nn.ELU",
                    "nonlin_kwargs": {
                        "inplace": true
                    }
                },
                "_kw_requires_import": [
                    "conv_op",
                    "norm_op",
                    "dropout_op",
                    "nonlin"
                ]
            },
            "batch_dice": true
        },
        "3d_fullres": {
            "data_identifier": "nnUNetPlans_3d_fullres",
            "preprocessor_name": "DefaultPreprocessor",
            "batch_size": 2,
            "patch_size": [
                80,
                192,
                160
            ],
            "median_image_size_in_voxels": [
                115.0,
                320.0,
                232.0
            ],
            "spacing": [
                1.3700000047683716,
                1.25,
                1.25
            ],
            "normalization_schemes": [
                "ZScoreNormalization"
            ],
            "use_mask_for_norm": [
                true
            ],
            "resampling_fn_data": "resample_data_or_seg_to_shape",
            "resampling_fn_seg": "resample_data_or_seg_to_shape",
            "resampling_fn_data_kwargs": {
                "is_seg": false,
                "order": 3,
                "order_z": 0,
                "force_separate_z": null
            },
            "resampling_fn_seg_kwargs": {
                "is_seg": true,
                "order": 1,
                "order_z": 0,
                "force_separate_z": null
            },
            "resampling_fn_probabilities": "resample_data_or_seg_to_shape",
            "resampling_fn_probabilities_kwargs": {
                "is_seg": false,
                "order": 1,
                "order_z": 0,
                "force_separate_z": null
            },
            "architecture": {
                "network_class_name": "dynamic_network_architectures.architectures.unet.ResidualEncoderUNet",
                "arch_kwargs": {
                    "n_stages": 6,
                    "features_per_stage": [
                        36,
                        72,
                        144,
                        288,
                        536,
                        536
                    ],
                    "conv_op": "torch.nn.modules.conv.Conv3d",
                    "kernel_sizes": [
                        [
                            3,
                            3,
                            3
                        ],
                        [
                            3,
                            3,
                            3
                        ],
                        [
                            3,
                            3,
                            3
                        ],
                        [
                            3,
                            3,
                            3
                        ],
                        [
                            3,
                            3,
                            3
                        ],
                        [
                            3,
                            3,
                            3
                        ]
                    ],
                    "strides": [
                        [
                            1,
                            1,
                            1
                        ],
                        [
                            2,
                            2,
                            2
                        ],
                        [
                            2,
                            2,
                            2
                        ],
                        [
                            2,
                            2,
                            2
                        ],
                        [
                            2,
                            2,
                            2
                        ],
                        [
                            1,
                            2,
                            2
                        ]
                    ],
                    "n_blocks_per_stage": [
                        1,
                        2,
                        2,
                        3,
                        3,
                        3
                    ],
                    "n_conv_per_stage_decoder": [
                        1,
                        1,
                        1,
                        1,
                        1
                    ],
                    "conv_bias": true,
                    "norm_op": "torch.nn.modules.batchnorm.BatchNorm3d",
                    "norm_op_kwargs": {
                        "eps": 1e-05,
                        "affine": true
                    },
                    "dropout_op": "torch.nn.modules.dropout.Dropout3d",
                    "dropout_op_kwargs": {
                        "p": 0.4214274439177286
                    },
                    "nonlin": "torch.nn.ELU",
                    "nonlin_kwargs": {
                        "inplace": true
                    }
                },
                "_kw_requires_import": [
                    "conv_op",
                    "norm_op",
                    "dropout_op",
                    "nonlin"
                ]
            },
            "batch_dice": false
        }
    },
    "experiment_planner_used": "nnUNetPlannerResEncM",
    "label_manager": "LabelManager",
    "foreground_intensity_properties_per_channel": {
        "0": {
            "max": 1996.0,
            "mean": 1090.214599609375,
            "median": 1097.0,
            "min": 165.0,
            "percentile_00_5": 598.0,
            "percentile_99_5": 1521.0,
            "std": 165.1737823486328
        }
    }
}