{
    "_best_ema": "None",
    "batch_size": "2",
    "configuration_manager": "{'data_identifier': 'nnUNetPlans_3d_fullres', 'preprocessor_name': 'DefaultPreprocessor', 'batch_size': 2, 'patch_size': (112, 128, 112), 'median_image_size_in_voxels': [482.0, 512.0, 512.0], 'spacing': [1.0, 0.767578125, 0.767578125], 'normalization_schemes': ['CTNormalization'], 'use_mask_for_norm': [False], 'resampling_fn_data': 'resample_data_or_seg_to_shape', 'resampling_fn_seg': 'resample_data_or_seg_to_shape', 'resampling_fn_data_kwargs': {'is_seg': False, 'order': 3, 'order_z': 0, 'force_separate_z': None}, 'resampling_fn_seg_kwargs': {'is_seg': True, 'order': 1, 'order_z': 0, 'force_separate_z': None}, 'resampling_fn_probabilities': 'resample_data_or_seg_to_shape', 'resampling_fn_probabilities_kwargs': {'is_seg': False, 'order': 1, 'order_z': 0, 'force_separate_z': None}, 'architecture': {'network_class_name': 'dynamic_network_architectures.architectures.unet.ResidualEncoderUNet', 'arch_kwargs': {'n_stages': 5, 'features_per_stage': (48, 96, 192, 384, 401), 'conv_op': 'torch.nn.modules.conv.Conv3d', 'kernel_sizes': ((3, 3, 3), (3, 3, 3), (3, 3, 3), (3, 3, 3), (3, 3, 3)), 'strides': ((1, 1, 1), (2, 2, 2), (2, 2, 2), (2, 2, 2), (2, 2, 2)), 'n_blocks_per_stage': (1, 3, 4, 6, 6), 'n_conv_per_stage_decoder': (1, 1, 1, 1), 'conv_bias': True, 'norm_op': 'torch.nn.modules.batchnorm.BatchNorm3d', 'norm_op_kwargs': {'eps': 1e-05, 'affine': True}, 'dropout_op': 'torch.nn.modules.dropout.Dropout3d', 'dropout_op_kwargs': {'p': 0.09635898838694673}, 'nonlin': 'torch.nn.ReLU', 'nonlin_kwargs': {'inplace': True}, 'deep_supervision': True}, '_kw_requires_import': ('conv_op', 'norm_op', 'dropout_op', 'nonlin')}, 'batch_dice': True}",
    "configuration_name": "3d_fullres",
    "cudnn_version": 90100,
    "current_epoch": "0",
    "dataloader_train": "<nnunetv2.training.data_augmentation.custom_transforms.limited_length_multithreaded_augmenter.LimitedLenWrapper object at 0x7f4cb2468f70>",
    "dataloader_train.generator": "<nnunetv2.training.dataloading.data_loader_3d.nnUNetDataLoader3D object at 0x7f4cb24690c0>",
    "dataloader_train.num_processes": "30",
    "dataloader_train.transform": "Compose ( [SpatialTransform( independent_scale_for_each_axis = False, p_rot_per_sample = 0.522661519996997, p_scale_per_sample = 0.522661519996997, p_el_per_sample = 0, data_key = 'data', label_key = 'seg', patch_size = (112, 128, 112), patch_center_dist_from_border = None, do_elastic_deform = False, alpha = (0, 0), sigma = (0, 0), do_rotation = True, angle_x = (-0.5235987755982988, 0.5235987755982988), angle_y = (-0.5235987755982988, 0.5235987755982988), angle_z = (-0.5235987755982988, 0.5235987755982988), do_scale = True, scale = (0.7, 1.4), border_mode_data = 'constant', border_cval_data = 0, order_data = 3, border_mode_seg = 'constant', border_cval_seg = -1, order_seg = 1, random_crop = False, p_rot_per_axis = 1, p_independent_scale_per_axis = 1 ), GaussianNoiseTransform( p_per_sample = 0.2613307599984985, data_key = 'data', noise_variance = (0, 0.1), p_per_channel = 1, per_channel = False ), GaussianBlurTransform( p_per_sample = 0.522661519996997, different_sigma_per_channel = True, p_per_channel = 0.5, data_key = 'data', blur_sigma = (0.5, 1.0), different_sigma_per_axis = False, p_isotropic = 0 ), BrightnessMultiplicativeTransform( p_per_sample = 0.3919961399977477, data_key = 'data', multiplier_range = (0.75, 1.25), per_channel = True ), ContrastAugmentationTransform( p_per_sample = 0.3919961399977477, data_key = 'data', contrast_range = (0.75, 1.25), preserve_range = True, per_channel = True, p_per_channel = 1 ), SimulateLowResolutionTransform( order_upsample = 3, order_downsample = 0, channels = None, per_channel = True, p_per_channel = 0.5, p_per_sample = 0.6533268999962462, data_key = 'data', zoom_range = (0.5, 1), ignore_axes = None ), GammaTransform( p_per_sample = 0.2613307599984985, retain_stats = True, per_channel = True, data_key = 'data', gamma_range = (0.7, 1.5), invert_image = True ), GammaTransform( p_per_sample = 0.7839922799954954, retain_stats = True, per_channel = True, data_key = 'data', gamma_range = (0.7, 1.5), invert_image = False ), MirrorTransform( p_per_sample = 1, data_key = 'data', label_key = 'seg', axes = (0, 1, 2) ), RemoveLabelTransform( output_key = 'seg', input_key = 'seg', replace_with = 0, remove_label = -1 ), RenameTransform( delete_old = True, out_key = 'target', in_key = 'seg' ), DownsampleSegForDSTransform2( axes = None, output_key = 'target', input_key = 'target', order = 0, ds_scales = [[1.0, 1.0, 1.0], [0.5, 0.5, 0.5], [0.25, 0.25, 0.25], [0.125, 0.125, 0.125]] ), NumpyToTensor( keys = ['data', 'target'], cast_to = 'float' )] )",
    "dataloader_val": "<nnunetv2.training.data_augmentation.custom_transforms.limited_length_multithreaded_augmenter.LimitedLenWrapper object at 0x7f4cb2469a80>",
    "dataloader_val.generator": "<nnunetv2.training.dataloading.data_loader_3d.nnUNetDataLoader3D object at 0x7f4cb2469780>",
    "dataloader_val.num_processes": "15",
    "dataloader_val.transform": "Compose ( [RemoveLabelTransform( output_key = 'seg', input_key = 'seg', replace_with = 0, remove_label = -1 ), RenameTransform( delete_old = True, out_key = 'target', in_key = 'seg' ), DownsampleSegForDSTransform2( axes = None, output_key = 'target', input_key = 'target', order = 0, ds_scales = [[1.0, 1.0, 1.0], [0.5, 0.5, 0.5], [0.25, 0.25, 0.25], [0.125, 0.125, 0.125]] ), NumpyToTensor( keys = ['data', 'target'], cast_to = 'float' )] )",
    "dataset_json": "{'name': 'Liver', 'description': 'Liver, and cancer segmentation', 'reference': 'xxxx', 'licence': 'CC-BY-SA 4.0', 'release': '1.0 04/05/2018', 'tensorImageSize': '3D', 'labels': {'background': 0, 'liver': 1, 'cancer': 2}, 'numTraining': 131, 'numTest': 70, 'file_ending': '.nii.gz', 'channel_names': {'0': 'CT'}}",
    "device": "cuda:0",
    "disable_checkpointing": "False",
    "enable_deep_supervision": "True",
    "fold": "3",
    "folder_with_segs_from_previous_stage": "None",
    "gpu_name": "NVIDIA H100 PCIe",
    "grad_scaler": "<torch.cuda.amp.grad_scaler.GradScaler object at 0x7f4cb246b4f0>",
    "hostname": "gpu009.kisski",
    "hp_config": "{'num_epochs': 12.345679012345677, 'total_epochs': 1000, 'optimizer': 'SGD', 'momentum': 0.6436664224204405, 'initial_lr': 0.010892556137710013, 'weight_decay': 0.0005332855059853644, 'lr_scheduler': 'PolyLRScheduler', 'oversample_foreground_percent': 0.4959702953734696, 'loss_function': 'CrossEntropyLoss', 'aug_factor': 2.6133075999849846, 'aug_scale_prob': 0.2, 'aug_rotate_prob': 0.2, 'aug_gaussian_noise_prob': 0.1, 'aug_gaussian_blur_prob': 0.2, 'aug_brightness_prob': 0.15, 'aug_contrast_prob': 0.15, 'aug_lowres_prob': 0.25, 'aug_gamma_1_prob': 0.1, 'aug_gamma_2_prob': 0.3, 'encoder_type': 'ResidualEncoderM', 'base_num_features': 48, 'max_features': 401, 'activation': 'ReLU', 'dropout_rate': 0.09635898838694673, 'model_scale': 1, 'normalization': 'BatchNorm'}",
    "inference_allowed_mirroring_axes": "(0, 1, 2)",
    "initial_lr": "0.010892556137710013",
    "is_cascaded": "False",
    "is_ddp": "False",
    "label_manager": "<nnunetv2.utilities.label_handling.label_handling.LabelManager object at 0x7f4ada12b5e0>",
    "local_rank": "0",
    "log_file": "./training_log.txt",
    "logger": "<autonnunet.training.auto_nnunet_logger.AutoNNUNetLogger object at 0x7f4cb246ab00>",
    "loss": "DeepSupervisionWrapper(\n  (loss): RobustCrossEntropyLoss()\n)",
    "lr_scheduler": "<nnunetv2.training.lr_scheduler.polylr.PolyLRScheduler object at 0x7f4cb0d10370>",
    "my_init_kwargs": "{'plans': {'dataset_name': 'Dataset003_Liver', 'plans_name': 'nnUNetPlans', 'original_median_spacing_after_transp': [1.0, 0.767578125, 0.767578125], 'original_median_shape_after_transp': [432, 512, 512], 'image_reader_writer': 'SimpleITKIO', 'transpose_forward': [0, 1, 2], 'transpose_backward': [0, 1, 2], 'configurations': {'2d': {'data_identifier': 'nnUNetPlans_2d', 'preprocessor_name': 'DefaultPreprocessor', 'batch_size': 13, 'patch_size': (448, 384), 'median_image_size_in_voxels': [512.0, 512.0], 'spacing': [0.767578125, 0.767578125], 'normalization_schemes': ['CTNormalization'], 'use_mask_for_norm': [False], 'resampling_fn_data': 'resample_data_or_seg_to_shape', 'resampling_fn_seg': 'resample_data_or_seg_to_shape', 'resampling_fn_data_kwargs': {'is_seg': False, 'order': 3, 'order_z': 0, 'force_separate_z': None}, 'resampling_fn_seg_kwargs': {'is_seg': True, 'order': 1, 'order_z': 0, 'force_separate_z': None}, 'resampling_fn_probabilities': 'resample_data_or_seg_to_shape', 'resampling_fn_probabilities_kwargs': {'is_seg': False, 'order': 1, 'order_z': 0, 'force_separate_z': None}, 'architecture': {'network_class_name': 'dynamic_network_architectures.architectures.unet.ResidualEncoderUNet', 'arch_kwargs': {'n_stages': 7, 'features_per_stage': (48, 96, 192, 384, 512, 512, 512), 'conv_op': 'torch.nn.modules.conv.Conv2d', 'kernel_sizes': ((3, 3), (3, 3), (3, 3), (3, 3), (3, 3), (3, 3), (3, 3)), 'strides': ((1, 1), (2, 2), (2, 2), (2, 2), (2, 2), (2, 2), (2, 2)), 'n_blocks_per_stage': (1, 3, 4, 6, 6, 6, 6), 'n_conv_per_stage_decoder': (1, 1, 1, 1, 1, 1), 'conv_bias': True, 'norm_op': 'torch.nn.modules.batchnorm.BatchNorm2d', 'norm_op_kwargs': {'eps': 1e-05, 'affine': True}, 'dropout_op': 'torch.nn.modules.dropout.Dropout2d', 'dropout_op_kwargs': {'p': 0.09635898838694673}, 'nonlin': 'torch.nn.ReLU', 'nonlin_kwargs': {'inplace': True}}, '_kw_requires_import': ('conv_op', 'norm_op', 'dropout_op', 'nonlin')}, 'batch_dice': True}, '3d_lowres': {'data_identifier': 'nnUNetPlans_3d_lowres', 'preprocessor_name': 'DefaultPreprocessor', 'batch_size': 2, 'patch_size': (112, 128, 112), 'median_image_size_in_voxels': (176, 187, 187), 'spacing': [2.7319052955063365, 2.096950744402324, 2.096950744402324], 'normalization_schemes': ['CTNormalization'], 'use_mask_for_norm': [False], 'resampling_fn_data': 'resample_data_or_seg_to_shape', 'resampling_fn_seg': 'resample_data_or_seg_to_shape', 'resampling_fn_data_kwargs': {'is_seg': False, 'order': 3, 'order_z': 0, 'force_separate_z': None}, 'resampling_fn_seg_kwargs': {'is_seg': True, 'order': 1, 'order_z': 0, 'force_separate_z': None}, 'resampling_fn_probabilities': 'resample_data_or_seg_to_shape', 'resampling_fn_probabilities_kwargs': {'is_seg': False, 'order': 1, 'order_z': 0, 'force_separate_z': None}, 'architecture': {'network_class_name': 'dynamic_network_architectures.architectures.unet.ResidualEncoderUNet', 'arch_kwargs': {'n_stages': 5, 'features_per_stage': (48, 96, 192, 384, 401), 'conv_op': 'torch.nn.modules.conv.Conv3d', 'kernel_sizes': ((3, 3, 3), (3, 3, 3), (3, 3, 3), (3, 3, 3), (3, 3, 3)), 'strides': ((1, 1, 1), (2, 2, 2), (2, 2, 2), (2, 2, 2), (2, 2, 2)), 'n_blocks_per_stage': (1, 3, 4, 6, 6), 'n_conv_per_stage_decoder': (1, 1, 1, 1), 'conv_bias': True, 'norm_op': 'torch.nn.modules.batchnorm.BatchNorm3d', 'norm_op_kwargs': {'eps': 1e-05, 'affine': True}, 'dropout_op': 'torch.nn.modules.dropout.Dropout3d', 'dropout_op_kwargs': {'p': 0.09635898838694673}, 'nonlin': 'torch.nn.ReLU', 'nonlin_kwargs': {'inplace': True}}, '_kw_requires_import': ('conv_op', 'norm_op', 'dropout_op', 'nonlin')}, 'batch_dice': False, 'next_stage': '3d_cascade_fullres'}, '3d_fullres': {'data_identifier': 'nnUNetPlans_3d_fullres', 'preprocessor_name': 'DefaultPreprocessor', 'batch_size': 2, 'patch_size': (112, 128, 112), 'median_image_size_in_voxels': [482.0, 512.0, 512.0], 'spacing': [1.0, 0.767578125, 0.767578125], 'normalization_schemes': ['CTNormalization'], 'use_mask_for_norm': [False], 'resampling_fn_data': 'resample_data_or_seg_to_shape', 'resampling_fn_seg': 'resample_data_or_seg_to_shape', 'resampling_fn_data_kwargs': {'is_seg': False, 'order': 3, 'order_z': 0, 'force_separate_z': None}, 'resampling_fn_seg_kwargs': {'is_seg': True, 'order': 1, 'order_z': 0, 'force_separate_z': None}, 'resampling_fn_probabilities': 'resample_data_or_seg_to_shape', 'resampling_fn_probabilities_kwargs': {'is_seg': False, 'order': 1, 'order_z': 0, 'force_separate_z': None}, 'architecture': {'network_class_name': 'dynamic_network_architectures.architectures.unet.ResidualEncoderUNet', 'arch_kwargs': {'n_stages': 5, 'features_per_stage': (48, 96, 192, 384, 401), 'conv_op': 'torch.nn.modules.conv.Conv3d', 'kernel_sizes': ((3, 3, 3), (3, 3, 3), (3, 3, 3), (3, 3, 3), (3, 3, 3)), 'strides': ((1, 1, 1), (2, 2, 2), (2, 2, 2), (2, 2, 2), (2, 2, 2)), 'n_blocks_per_stage': (1, 3, 4, 6, 6), 'n_conv_per_stage_decoder': (1, 1, 1, 1), 'conv_bias': True, 'norm_op': 'torch.nn.modules.batchnorm.BatchNorm3d', 'norm_op_kwargs': {'eps': 1e-05, 'affine': True}, 'dropout_op': 'torch.nn.modules.dropout.Dropout3d', 'dropout_op_kwargs': {'p': 0.09635898838694673}, 'nonlin': 'torch.nn.ReLU', 'nonlin_kwargs': {'inplace': True}}, '_kw_requires_import': ('conv_op', 'norm_op', 'dropout_op', 'nonlin')}, 'batch_dice': True}, '3d_cascade_fullres': {'inherits_from': '3d_fullres', 'previous_stage': '3d_lowres'}}, 'experiment_planner_used': 'nnUNetPlannerResEncM', 'label_manager': 'LabelManager', 'foreground_intensity_properties_per_channel': {'0': {'max': 5420.0, 'mean': 99.48007202148438, 'median': 101.0, 'min': -983.0, 'percentile_00_5': -15.0, 'percentile_99_5': 197.0, 'std': 37.13840103149414}}}, 'configuration': '3d_fullres', 'fold': 3, 'dataset_json': {'name': 'Liver', 'description': 'Liver, and cancer segmentation', 'reference': 'xxxx', 'licence': 'CC-BY-SA 4.0', 'release': '1.0 04/05/2018', 'tensorImageSize': '3D', 'labels': {'background': 0, 'liver': 1, 'cancer': 2}, 'numTraining': 131, 'numTest': 70, 'file_ending': '.nii.gz', 'channel_names': {'0': 'CT'}}, 'unpack_dataset': True, 'device': device(type='cuda')}",
    "network": "OptimizedModule",
    "num_epochs": "12",
    "num_input_channels": "1",
    "num_iterations_per_epoch": "250",
    "num_val_iterations_per_epoch": "50",
    "optimizer": "SGD (\nParameter Group 0\n    dampening: 0\n    differentiable: False\n    foreach: None\n    fused: None\n    initial_lr: 0.010892556137710013\n    lr: 0.010892556137710013\n    maximize: False\n    momentum: 0.6436664224204405\n    nesterov: True\n    weight_decay: 0.0005332855059853644\n)",
    "output_folder": ".",
    "output_folder_base": ".",
    "oversample_foreground_percent": "0.4959702953734696",
    "plans_manager": "{'dataset_name': 'Dataset003_Liver', 'plans_name': 'nnUNetPlans', 'original_median_spacing_after_transp': [1.0, 0.767578125, 0.767578125], 'original_median_shape_after_transp': [432, 512, 512], 'image_reader_writer': 'SimpleITKIO', 'transpose_forward': [0, 1, 2], 'transpose_backward': [0, 1, 2], 'configurations': {'2d': {'data_identifier': 'nnUNetPlans_2d', 'preprocessor_name': 'DefaultPreprocessor', 'batch_size': 13, 'patch_size': (448, 384), 'median_image_size_in_voxels': [512.0, 512.0], 'spacing': [0.767578125, 0.767578125], 'normalization_schemes': ['CTNormalization'], 'use_mask_for_norm': [False], 'resampling_fn_data': 'resample_data_or_seg_to_shape', 'resampling_fn_seg': 'resample_data_or_seg_to_shape', 'resampling_fn_data_kwargs': {'is_seg': False, 'order': 3, 'order_z': 0, 'force_separate_z': None}, 'resampling_fn_seg_kwargs': {'is_seg': True, 'order': 1, 'order_z': 0, 'force_separate_z': None}, 'resampling_fn_probabilities': 'resample_data_or_seg_to_shape', 'resampling_fn_probabilities_kwargs': {'is_seg': False, 'order': 1, 'order_z': 0, 'force_separate_z': None}, 'architecture': {'network_class_name': 'dynamic_network_architectures.architectures.unet.ResidualEncoderUNet', 'arch_kwargs': {'n_stages': 7, 'features_per_stage': (48, 96, 192, 384, 512, 512, 512), 'conv_op': 'torch.nn.modules.conv.Conv2d', 'kernel_sizes': ((3, 3), (3, 3), (3, 3), (3, 3), (3, 3), (3, 3), (3, 3)), 'strides': ((1, 1), (2, 2), (2, 2), (2, 2), (2, 2), (2, 2), (2, 2)), 'n_blocks_per_stage': (1, 3, 4, 6, 6, 6, 6), 'n_conv_per_stage_decoder': (1, 1, 1, 1, 1, 1), 'conv_bias': True, 'norm_op': 'torch.nn.modules.batchnorm.BatchNorm2d', 'norm_op_kwargs': {'eps': 1e-05, 'affine': True}, 'dropout_op': 'torch.nn.modules.dropout.Dropout2d', 'dropout_op_kwargs': {'p': 0.09635898838694673}, 'nonlin': 'torch.nn.ReLU', 'nonlin_kwargs': {'inplace': True}}, '_kw_requires_import': ('conv_op', 'norm_op', 'dropout_op', 'nonlin')}, 'batch_dice': True}, '3d_lowres': {'data_identifier': 'nnUNetPlans_3d_lowres', 'preprocessor_name': 'DefaultPreprocessor', 'batch_size': 2, 'patch_size': (112, 128, 112), 'median_image_size_in_voxels': (176, 187, 187), 'spacing': [2.7319052955063365, 2.096950744402324, 2.096950744402324], 'normalization_schemes': ['CTNormalization'], 'use_mask_for_norm': [False], 'resampling_fn_data': 'resample_data_or_seg_to_shape', 'resampling_fn_seg': 'resample_data_or_seg_to_shape', 'resampling_fn_data_kwargs': {'is_seg': False, 'order': 3, 'order_z': 0, 'force_separate_z': None}, 'resampling_fn_seg_kwargs': {'is_seg': True, 'order': 1, 'order_z': 0, 'force_separate_z': None}, 'resampling_fn_probabilities': 'resample_data_or_seg_to_shape', 'resampling_fn_probabilities_kwargs': {'is_seg': False, 'order': 1, 'order_z': 0, 'force_separate_z': None}, 'architecture': {'network_class_name': 'dynamic_network_architectures.architectures.unet.ResidualEncoderUNet', 'arch_kwargs': {'n_stages': 5, 'features_per_stage': (48, 96, 192, 384, 401), 'conv_op': 'torch.nn.modules.conv.Conv3d', 'kernel_sizes': ((3, 3, 3), (3, 3, 3), (3, 3, 3), (3, 3, 3), (3, 3, 3)), 'strides': ((1, 1, 1), (2, 2, 2), (2, 2, 2), (2, 2, 2), (2, 2, 2)), 'n_blocks_per_stage': (1, 3, 4, 6, 6), 'n_conv_per_stage_decoder': (1, 1, 1, 1), 'conv_bias': True, 'norm_op': 'torch.nn.modules.batchnorm.BatchNorm3d', 'norm_op_kwargs': {'eps': 1e-05, 'affine': True}, 'dropout_op': 'torch.nn.modules.dropout.Dropout3d', 'dropout_op_kwargs': {'p': 0.09635898838694673}, 'nonlin': 'torch.nn.ReLU', 'nonlin_kwargs': {'inplace': True}}, '_kw_requires_import': ('conv_op', 'norm_op', 'dropout_op', 'nonlin')}, 'batch_dice': False, 'next_stage': '3d_cascade_fullres'}, '3d_fullres': {'data_identifier': 'nnUNetPlans_3d_fullres', 'preprocessor_name': 'DefaultPreprocessor', 'batch_size': 2, 'patch_size': (112, 128, 112), 'median_image_size_in_voxels': [482.0, 512.0, 512.0], 'spacing': [1.0, 0.767578125, 0.767578125], 'normalization_schemes': ['CTNormalization'], 'use_mask_for_norm': [False], 'resampling_fn_data': 'resample_data_or_seg_to_shape', 'resampling_fn_seg': 'resample_data_or_seg_to_shape', 'resampling_fn_data_kwargs': {'is_seg': False, 'order': 3, 'order_z': 0, 'force_separate_z': None}, 'resampling_fn_seg_kwargs': {'is_seg': True, 'order': 1, 'order_z': 0, 'force_separate_z': None}, 'resampling_fn_probabilities': 'resample_data_or_seg_to_shape', 'resampling_fn_probabilities_kwargs': {'is_seg': False, 'order': 1, 'order_z': 0, 'force_separate_z': None}, 'architecture': {'network_class_name': 'dynamic_network_architectures.architectures.unet.ResidualEncoderUNet', 'arch_kwargs': {'n_stages': 5, 'features_per_stage': (48, 96, 192, 384, 401), 'conv_op': 'torch.nn.modules.conv.Conv3d', 'kernel_sizes': ((3, 3, 3), (3, 3, 3), (3, 3, 3), (3, 3, 3), (3, 3, 3)), 'strides': ((1, 1, 1), (2, 2, 2), (2, 2, 2), (2, 2, 2), (2, 2, 2)), 'n_blocks_per_stage': (1, 3, 4, 6, 6), 'n_conv_per_stage_decoder': (1, 1, 1, 1), 'conv_bias': True, 'norm_op': 'torch.nn.modules.batchnorm.BatchNorm3d', 'norm_op_kwargs': {'eps': 1e-05, 'affine': True}, 'dropout_op': 'torch.nn.modules.dropout.Dropout3d', 'dropout_op_kwargs': {'p': 0.09635898838694673}, 'nonlin': 'torch.nn.ReLU', 'nonlin_kwargs': {'inplace': True}}, '_kw_requires_import': ('conv_op', 'norm_op', 'dropout_op', 'nonlin')}, 'batch_dice': True}, '3d_cascade_fullres': {'inherits_from': '3d_fullres', 'previous_stage': '3d_lowres'}}, 'experiment_planner_used': 'nnUNetPlannerResEncM', 'label_manager': 'LabelManager', 'foreground_intensity_properties_per_channel': {'0': {'max': 5420.0, 'mean': 99.48007202148438, 'median': 101.0, 'min': -983.0, 'percentile_00_5': -15.0, 'percentile_99_5': 197.0, 'std': 37.13840103149414}}}",
    "preprocessed_dataset_folder": "/mnt/home/jbecktep/git_projects/MSC-JannisBecktepe-AutoNNUnet/data/nnUNet_preprocessed/Dataset003_Liver/nnUNetPlans_3d_fullres",
    "preprocessed_dataset_folder_base": "/mnt/home/jbecktep/git_projects/MSC-JannisBecktepe-AutoNNUnet/data/nnUNet_preprocessed/Dataset003_Liver",
    "save_every": "50",
    "torch_version": "2.4.1+cu121",
    "total_epochs": "1000",
    "unpack_dataset": "True",
    "was_initialized": "True",
    "weight_decay": "0.0005332855059853644"
}