{
    "_best_ema": "None",
    "batch_size": "2",
    "configuration_manager": "{'data_identifier': 'nnUNetPlans_3d_fullres', 'preprocessor_name': 'DefaultPreprocessor', 'batch_size': 2, 'patch_size': (20, 320, 256), 'median_image_size_in_voxels': [20.0, 320.0, 319.0], 'spacing': [3.5999999046325684, 0.625, 0.625], 'normalization_schemes': ['ZScoreNormalization', 'ZScoreNormalization'], 'use_mask_for_norm': [False, False], 'resampling_fn_data': 'resample_data_or_seg_to_shape', 'resampling_fn_seg': 'resample_data_or_seg_to_shape', 'resampling_fn_data_kwargs': {'is_seg': False, 'order': 3, 'order_z': 0, 'force_separate_z': None}, 'resampling_fn_seg_kwargs': {'is_seg': True, 'order': 1, 'order_z': 0, 'force_separate_z': None}, 'resampling_fn_probabilities': 'resample_data_or_seg_to_shape', 'resampling_fn_probabilities_kwargs': {'is_seg': False, 'order': 1, 'order_z': 0, 'force_separate_z': None}, 'architecture': {'network_class_name': 'dynamic_network_architectures.architectures.unet.PlainConvUNet', 'arch_kwargs': {'n_stages': 7, 'features_per_stage': (32, 64, 128, 256, 320, 320, 320), 'conv_op': 'torch.nn.modules.conv.Conv3d', 'kernel_sizes': ((1, 3, 3), (1, 3, 3), (3, 3, 3), (3, 3, 3), (3, 3, 3), (3, 3, 3), (3, 3, 3)), 'strides': ((1, 1, 1), (1, 2, 2), (1, 2, 2), (2, 2, 2), (2, 2, 2), (1, 2, 2), (1, 2, 2)), 'n_conv_per_stage': (2, 2, 2, 2, 2, 2, 2), 'n_conv_per_stage_decoder': (2, 2, 2, 2, 2, 2), 'conv_bias': True, 'norm_op': 'torch.nn.modules.instancenorm.InstanceNorm3d', 'norm_op_kwargs': {'eps': 1e-05, 'affine': True}, 'dropout_op': 'torch.nn.modules.dropout.Dropout3d', 'dropout_op_kwargs': {'p': 0.15203194868531572}, 'nonlin': 'torch.nn.LeakyReLU', 'nonlin_kwargs': {'inplace': True}}, '_kw_requires_import': ('conv_op', 'norm_op', 'dropout_op', 'nonlin')}, 'batch_dice': False}",
    "configuration_name": "3d_fullres",
    "cudnn_version": 90100,
    "current_epoch": "0",
    "dataloader_train": "<nnunetv2.training.data_augmentation.custom_transforms.limited_length_multithreaded_augmenter.LimitedLenWrapper object at 0x7f4a705c5d20>",
    "dataloader_train.generator": "<nnunetv2.training.dataloading.data_loader_3d.nnUNetDataLoader3D object at 0x7f4a705c6590>",
    "dataloader_train.num_processes": "30",
    "dataloader_train.transform": "Compose ( [Convert3DTo2DTransform( apply_to_keys = ('data', 'seg') ), SpatialTransform( independent_scale_for_each_axis = False, p_rot_per_sample = 0.2430961277896873, p_scale_per_sample = 0.2430961277896873, p_el_per_sample = 0, data_key = 'data', label_key = 'seg', patch_size = (320, 256), patch_center_dist_from_border = None, do_elastic_deform = False, alpha = (0, 0), sigma = (0, 0), do_rotation = True, angle_x = (-3.141592653589793, 3.141592653589793), angle_y = (0, 0), angle_z = (0, 0), do_scale = True, scale = (0.7, 1.4), border_mode_data = 'constant', border_cval_data = 0, order_data = 3, border_mode_seg = 'constant', border_cval_seg = -1, order_seg = 1, random_crop = False, p_rot_per_axis = 1, p_independent_scale_per_axis = 1 ), Convert2DTo3DTransform( apply_to_keys = ('data', 'seg') ), GaussianNoiseTransform( p_per_sample = 0.12154806389484366, data_key = 'data', noise_variance = (0, 0.1), p_per_channel = 1, per_channel = False ), GaussianBlurTransform( p_per_sample = 0.2430961277896873, different_sigma_per_channel = True, p_per_channel = 0.5, data_key = 'data', blur_sigma = (0.5, 1.0), different_sigma_per_axis = False, p_isotropic = 0 ), BrightnessMultiplicativeTransform( p_per_sample = 0.18232209584226547, data_key = 'data', multiplier_range = (0.75, 1.25), per_channel = True ), ContrastAugmentationTransform( p_per_sample = 0.18232209584226547, data_key = 'data', contrast_range = (0.75, 1.25), preserve_range = True, per_channel = True, p_per_channel = 1 ), SimulateLowResolutionTransform( order_upsample = 3, order_downsample = 0, channels = None, per_channel = True, p_per_channel = 0.5, p_per_sample = 0.3038701597371091, data_key = 'data', zoom_range = (0.5, 1), ignore_axes = (0,) ), GammaTransform( p_per_sample = 0.12154806389484366, retain_stats = True, per_channel = True, data_key = 'data', gamma_range = (0.7, 1.5), invert_image = True ), GammaTransform( p_per_sample = 0.36464419168453094, retain_stats = True, per_channel = True, data_key = 'data', gamma_range = (0.7, 1.5), invert_image = False ), MirrorTransform( p_per_sample = 1, data_key = 'data', label_key = 'seg', axes = (0, 1, 2) ), RemoveLabelTransform( output_key = 'seg', input_key = 'seg', replace_with = 0, remove_label = -1 ), RenameTransform( delete_old = True, out_key = 'target', in_key = 'seg' ), DownsampleSegForDSTransform2( axes = None, output_key = 'target', input_key = 'target', order = 0, ds_scales = [[1.0, 1.0, 1.0], [1.0, 0.5, 0.5], [1.0, 0.25, 0.25], [0.5, 0.125, 0.125], [0.25, 0.0625, 0.0625], [0.25, 0.03125, 0.03125]] ), NumpyToTensor( keys = ['data', 'target'], cast_to = 'float' )] )",
    "dataloader_val": "<nnunetv2.training.data_augmentation.custom_transforms.limited_length_multithreaded_augmenter.LimitedLenWrapper object at 0x7f4a705c5c60>",
    "dataloader_val.generator": "<nnunetv2.training.dataloading.data_loader_3d.nnUNetDataLoader3D object at 0x7f4a705c6920>",
    "dataloader_val.num_processes": "15",
    "dataloader_val.transform": "Compose ( [RemoveLabelTransform( output_key = 'seg', input_key = 'seg', replace_with = 0, remove_label = -1 ), RenameTransform( delete_old = True, out_key = 'target', in_key = 'seg' ), DownsampleSegForDSTransform2( axes = None, output_key = 'target', input_key = 'target', order = 0, ds_scales = [[1.0, 1.0, 1.0], [1.0, 0.5, 0.5], [1.0, 0.25, 0.25], [0.5, 0.125, 0.125], [0.25, 0.0625, 0.0625], [0.25, 0.03125, 0.03125]] ), NumpyToTensor( keys = ['data', 'target'], cast_to = 'float' )] )",
    "dataset_json": "{'name': 'PROSTATE', 'description': 'Prostate transitional zone and peripheral zone segmentation', 'reference': 'Radboud University, Nijmegen Medical Centre', 'licence': 'CC-BY-SA 4.0', 'relase': '1.0 04/05/2018', 'tensorImageSize': '4D', 'quantitative': [0, 1], 'labels': {'background': 0, 'PZ': 1, 'TZ': 2}, 'numTraining': 32, 'numTest': 16, 'file_ending': '.nii.gz', 'channel_names': {'0': 'T2', '1': 'ADC'}}",
    "device": "cuda:0",
    "disable_checkpointing": "False",
    "enable_deep_supervision": "True",
    "fold": "0",
    "folder_with_segs_from_previous_stage": "None",
    "gpu_name": "NVIDIA H100 PCIe",
    "grad_scaler": "<torch.cuda.amp.grad_scaler.GradScaler object at 0x7f4a705c6bf0>",
    "hostname": "gpu001.kisski",
    "hp_config": "{'num_epochs': 12.345679012345677, 'total_epochs': 1000, 'optimizer': 'AdamW', 'momentum': 0.965202407754651, 'initial_lr': 0.00017141799856537895, 'weight_decay': 3.140930377748965e-06, 'lr_scheduler': 'PolyLRScheduler', 'oversample_foreground_percent': 0.2218471610354148, 'loss_function': 'DiceAndCrossEntropyLoss', 'aug_factor': 1.2154806389484365, 'aug_scale_prob': 0.2, 'aug_rotate_prob': 0.2, 'aug_gaussian_noise_prob': 0.1, 'aug_gaussian_blur_prob': 0.2, 'aug_brightness_prob': 0.15, 'aug_contrast_prob': 0.15, 'aug_lowres_prob': 0.25, 'aug_gamma_1_prob': 0.1, 'aug_gamma_2_prob': 0.3, 'architecture': '${architecture}', 'base_num_features': 32, 'max_features': 320, 'encoder_type': 'ConvolutionalEncoder', 'activation': 'LeakyReLU', 'dropout_rate': 0.15203194868531572, 'model_scale': 1, 'normalization': 'InstanceNorm'}",
    "inference_allowed_mirroring_axes": "(0, 1, 2)",
    "initial_lr": "0.00017141799856537895",
    "is_cascaded": "False",
    "is_ddp": "False",
    "label_manager": "<nnunetv2.utilities.label_handling.label_handling.LabelManager object at 0x7f4a7079f880>",
    "local_rank": "0",
    "log_file": "./training_log.txt",
    "logger": "<autonnunet.training.auto_nnunet_logger.AutoNNUNetLogger object at 0x7f4a705c6e00>",
    "loss": "DeepSupervisionWrapper(\n  (loss): DC_and_CE_loss(\n    (ce): RobustCrossEntropyLoss()\n    (dc): OptimizedModule(\n      (_orig_mod): MemoryEfficientSoftDiceLoss()\n    )\n  )\n)",
    "lr_scheduler": "<nnunetv2.training.lr_scheduler.polylr.PolyLRScheduler object at 0x7f4c47112fe0>",
    "my_init_kwargs": "{'plans': {'dataset_name': 'Dataset005_Prostate', 'plans_name': 'nnUNetPlans', 'original_median_spacing_after_transp': [3.5999999046325684, 0.625, 0.625], 'original_median_shape_after_transp': [20, 320, 320], 'image_reader_writer': 'SimpleITKIO', 'transpose_forward': [0, 1, 2], 'transpose_backward': [0, 1, 2], 'configurations': {'2d': {'data_identifier': 'nnUNetPlans_2d', 'preprocessor_name': 'DefaultPreprocessor', 'batch_size': 32, 'patch_size': (320, 320), 'median_image_size_in_voxels': [320.0, 319.0], 'spacing': [0.625, 0.625], 'normalization_schemes': ['ZScoreNormalization', 'ZScoreNormalization'], 'use_mask_for_norm': [False, False], 'resampling_fn_data': 'resample_data_or_seg_to_shape', 'resampling_fn_seg': 'resample_data_or_seg_to_shape', 'resampling_fn_data_kwargs': {'is_seg': False, 'order': 3, 'order_z': 0, 'force_separate_z': None}, 'resampling_fn_seg_kwargs': {'is_seg': True, 'order': 1, 'order_z': 0, 'force_separate_z': None}, 'resampling_fn_probabilities': 'resample_data_or_seg_to_shape', 'resampling_fn_probabilities_kwargs': {'is_seg': False, 'order': 1, 'order_z': 0, 'force_separate_z': None}, 'architecture': {'network_class_name': 'dynamic_network_architectures.architectures.unet.PlainConvUNet', 'arch_kwargs': {'n_stages': 7, 'features_per_stage': (32, 64, 128, 256, 512, 512, 512), 'conv_op': 'torch.nn.modules.conv.Conv2d', 'kernel_sizes': ((3, 3), (3, 3), (3, 3), (3, 3), (3, 3), (3, 3), (3, 3)), 'strides': ((1, 1), (2, 2), (2, 2), (2, 2), (2, 2), (2, 2), (2, 2)), 'n_conv_per_stage': (2, 2, 2, 2, 2, 2, 2), 'n_conv_per_stage_decoder': (2, 2, 2, 2, 2, 2), 'conv_bias': True, 'norm_op': 'torch.nn.modules.instancenorm.InstanceNorm2d', 'norm_op_kwargs': {'eps': 1e-05, 'affine': True}, 'dropout_op': 'torch.nn.modules.dropout.Dropout2d', 'dropout_op_kwargs': {'p': 0.15203194868531572}, 'nonlin': 'torch.nn.LeakyReLU', 'nonlin_kwargs': {'inplace': True}}, '_kw_requires_import': ('conv_op', 'norm_op', 'dropout_op', 'nonlin')}, 'batch_dice': True}, '3d_fullres': {'data_identifier': 'nnUNetPlans_3d_fullres', 'preprocessor_name': 'DefaultPreprocessor', 'batch_size': 2, 'patch_size': (20, 320, 256), 'median_image_size_in_voxels': [20.0, 320.0, 319.0], 'spacing': [3.5999999046325684, 0.625, 0.625], 'normalization_schemes': ['ZScoreNormalization', 'ZScoreNormalization'], 'use_mask_for_norm': [False, False], 'resampling_fn_data': 'resample_data_or_seg_to_shape', 'resampling_fn_seg': 'resample_data_or_seg_to_shape', 'resampling_fn_data_kwargs': {'is_seg': False, 'order': 3, 'order_z': 0, 'force_separate_z': None}, 'resampling_fn_seg_kwargs': {'is_seg': True, 'order': 1, 'order_z': 0, 'force_separate_z': None}, 'resampling_fn_probabilities': 'resample_data_or_seg_to_shape', 'resampling_fn_probabilities_kwargs': {'is_seg': False, 'order': 1, 'order_z': 0, 'force_separate_z': None}, 'architecture': {'network_class_name': 'dynamic_network_architectures.architectures.unet.PlainConvUNet', 'arch_kwargs': {'n_stages': 7, 'features_per_stage': (32, 64, 128, 256, 320, 320, 320), 'conv_op': 'torch.nn.modules.conv.Conv3d', 'kernel_sizes': ((1, 3, 3), (1, 3, 3), (3, 3, 3), (3, 3, 3), (3, 3, 3), (3, 3, 3), (3, 3, 3)), 'strides': ((1, 1, 1), (1, 2, 2), (1, 2, 2), (2, 2, 2), (2, 2, 2), (1, 2, 2), (1, 2, 2)), 'n_conv_per_stage': (2, 2, 2, 2, 2, 2, 2), 'n_conv_per_stage_decoder': (2, 2, 2, 2, 2, 2), 'conv_bias': True, 'norm_op': 'torch.nn.modules.instancenorm.InstanceNorm3d', 'norm_op_kwargs': {'eps': 1e-05, 'affine': True}, 'dropout_op': 'torch.nn.modules.dropout.Dropout3d', 'dropout_op_kwargs': {'p': 0.15203194868531572}, 'nonlin': 'torch.nn.LeakyReLU', 'nonlin_kwargs': {'inplace': True}}, '_kw_requires_import': ('conv_op', 'norm_op', 'dropout_op', 'nonlin')}, 'batch_dice': False}}, 'experiment_planner_used': 'AutoExperimentPlanner', 'label_manager': 'LabelManager', 'foreground_intensity_properties_per_channel': {'0': {'max': 1326.0, 'mean': 350.18780517578125, 'median': 327.0, 'min': 0.0, 'percentile_00_5': 83.0, 'percentile_99_5': 822.0, 'std': 139.9563751220703}, '1': {'max': 3698.0, 'mean': 1351.1083984375, 'median': 1364.0, 'min': 0.0, 'percentile_00_5': 0.0, 'percentile_99_5': 2563.0, 'std': 376.4326477050781}}}, 'configuration': '3d_fullres', 'fold': 0, 'dataset_json': {'name': 'PROSTATE', 'description': 'Prostate transitional zone and peripheral zone segmentation', 'reference': 'Radboud University, Nijmegen Medical Centre', 'licence': 'CC-BY-SA 4.0', 'relase': '1.0 04/05/2018', 'tensorImageSize': '4D', 'quantitative': [0, 1], 'labels': {'background': 0, 'PZ': 1, 'TZ': 2}, 'numTraining': 32, 'numTest': 16, 'file_ending': '.nii.gz', 'channel_names': {'0': 'T2', '1': 'ADC'}}, 'unpack_dataset': True, 'device': device(type='cuda')}",
    "network": "OptimizedModule",
    "num_epochs": "12",
    "num_input_channels": "2",
    "num_iterations_per_epoch": "250",
    "num_val_iterations_per_epoch": "50",
    "optimizer": "AdamW (\nParameter Group 0\n    amsgrad: True\n    betas: (0.9, 0.999)\n    capturable: False\n    differentiable: False\n    eps: 1e-08\n    foreach: None\n    fused: None\n    initial_lr: 0.00017141799856537895\n    lr: 0.00017141799856537895\n    maximize: False\n    weight_decay: 3.140930377748965e-06\n)",
    "output_folder": ".",
    "output_folder_base": ".",
    "oversample_foreground_percent": "0.2218471610354148",
    "plans_manager": "{'dataset_name': 'Dataset005_Prostate', 'plans_name': 'nnUNetPlans', 'original_median_spacing_after_transp': [3.5999999046325684, 0.625, 0.625], 'original_median_shape_after_transp': [20, 320, 320], 'image_reader_writer': 'SimpleITKIO', 'transpose_forward': [0, 1, 2], 'transpose_backward': [0, 1, 2], 'configurations': {'2d': {'data_identifier': 'nnUNetPlans_2d', 'preprocessor_name': 'DefaultPreprocessor', 'batch_size': 32, 'patch_size': (320, 320), 'median_image_size_in_voxels': [320.0, 319.0], 'spacing': [0.625, 0.625], 'normalization_schemes': ['ZScoreNormalization', 'ZScoreNormalization'], 'use_mask_for_norm': [False, False], 'resampling_fn_data': 'resample_data_or_seg_to_shape', 'resampling_fn_seg': 'resample_data_or_seg_to_shape', 'resampling_fn_data_kwargs': {'is_seg': False, 'order': 3, 'order_z': 0, 'force_separate_z': None}, 'resampling_fn_seg_kwargs': {'is_seg': True, 'order': 1, 'order_z': 0, 'force_separate_z': None}, 'resampling_fn_probabilities': 'resample_data_or_seg_to_shape', 'resampling_fn_probabilities_kwargs': {'is_seg': False, 'order': 1, 'order_z': 0, 'force_separate_z': None}, 'architecture': {'network_class_name': 'dynamic_network_architectures.architectures.unet.PlainConvUNet', 'arch_kwargs': {'n_stages': 7, 'features_per_stage': (32, 64, 128, 256, 512, 512, 512), 'conv_op': 'torch.nn.modules.conv.Conv2d', 'kernel_sizes': ((3, 3), (3, 3), (3, 3), (3, 3), (3, 3), (3, 3), (3, 3)), 'strides': ((1, 1), (2, 2), (2, 2), (2, 2), (2, 2), (2, 2), (2, 2)), 'n_conv_per_stage': (2, 2, 2, 2, 2, 2, 2), 'n_conv_per_stage_decoder': (2, 2, 2, 2, 2, 2), 'conv_bias': True, 'norm_op': 'torch.nn.modules.instancenorm.InstanceNorm2d', 'norm_op_kwargs': {'eps': 1e-05, 'affine': True}, 'dropout_op': 'torch.nn.modules.dropout.Dropout2d', 'dropout_op_kwargs': {'p': 0.15203194868531572}, 'nonlin': 'torch.nn.LeakyReLU', 'nonlin_kwargs': {'inplace': True}}, '_kw_requires_import': ('conv_op', 'norm_op', 'dropout_op', 'nonlin')}, 'batch_dice': True}, '3d_fullres': {'data_identifier': 'nnUNetPlans_3d_fullres', 'preprocessor_name': 'DefaultPreprocessor', 'batch_size': 2, 'patch_size': (20, 320, 256), 'median_image_size_in_voxels': [20.0, 320.0, 319.0], 'spacing': [3.5999999046325684, 0.625, 0.625], 'normalization_schemes': ['ZScoreNormalization', 'ZScoreNormalization'], 'use_mask_for_norm': [False, False], 'resampling_fn_data': 'resample_data_or_seg_to_shape', 'resampling_fn_seg': 'resample_data_or_seg_to_shape', 'resampling_fn_data_kwargs': {'is_seg': False, 'order': 3, 'order_z': 0, 'force_separate_z': None}, 'resampling_fn_seg_kwargs': {'is_seg': True, 'order': 1, 'order_z': 0, 'force_separate_z': None}, 'resampling_fn_probabilities': 'resample_data_or_seg_to_shape', 'resampling_fn_probabilities_kwargs': {'is_seg': False, 'order': 1, 'order_z': 0, 'force_separate_z': None}, 'architecture': {'network_class_name': 'dynamic_network_architectures.architectures.unet.PlainConvUNet', 'arch_kwargs': {'n_stages': 7, 'features_per_stage': (32, 64, 128, 256, 320, 320, 320), 'conv_op': 'torch.nn.modules.conv.Conv3d', 'kernel_sizes': ((1, 3, 3), (1, 3, 3), (3, 3, 3), (3, 3, 3), (3, 3, 3), (3, 3, 3), (3, 3, 3)), 'strides': ((1, 1, 1), (1, 2, 2), (1, 2, 2), (2, 2, 2), (2, 2, 2), (1, 2, 2), (1, 2, 2)), 'n_conv_per_stage': (2, 2, 2, 2, 2, 2, 2), 'n_conv_per_stage_decoder': (2, 2, 2, 2, 2, 2), 'conv_bias': True, 'norm_op': 'torch.nn.modules.instancenorm.InstanceNorm3d', 'norm_op_kwargs': {'eps': 1e-05, 'affine': True}, 'dropout_op': 'torch.nn.modules.dropout.Dropout3d', 'dropout_op_kwargs': {'p': 0.15203194868531572}, 'nonlin': 'torch.nn.LeakyReLU', 'nonlin_kwargs': {'inplace': True}}, '_kw_requires_import': ('conv_op', 'norm_op', 'dropout_op', 'nonlin')}, 'batch_dice': False}}, 'experiment_planner_used': 'AutoExperimentPlanner', 'label_manager': 'LabelManager', 'foreground_intensity_properties_per_channel': {'0': {'max': 1326.0, 'mean': 350.18780517578125, 'median': 327.0, 'min': 0.0, 'percentile_00_5': 83.0, 'percentile_99_5': 822.0, 'std': 139.9563751220703}, '1': {'max': 3698.0, 'mean': 1351.1083984375, 'median': 1364.0, 'min': 0.0, 'percentile_00_5': 0.0, 'percentile_99_5': 2563.0, 'std': 376.4326477050781}}}",
    "preprocessed_dataset_folder": "/mnt/home/jbecktep/git_projects/MSC-JannisBecktepe-AutoNNUnet/data/nnUNet_preprocessed/Dataset005_Prostate/nnUNetPlans_3d_fullres",
    "preprocessed_dataset_folder_base": "/mnt/home/jbecktep/git_projects/MSC-JannisBecktepe-AutoNNUnet/data/nnUNet_preprocessed/Dataset005_Prostate",
    "save_every": "50",
    "torch_version": "2.4.1+cu121",
    "total_epochs": "1000",
    "unpack_dataset": "True",
    "was_initialized": "True",
    "weight_decay": "3.140930377748965e-06"
}