{
    "foreground_intensity_properties_per_channel": {
        "0": {
            "max": 5420.0,
            "mean": 99.48007202148438,
            "median": 101.0,
            "min": -983.0,
            "percentile_00_5": -15.0,
            "percentile_99_5": 197.0,
            "std": 37.13840103149414
        }
    },
    "median_relative_size_after_cropping": 1.0,
    "shapes_after_crop": [
        [
            75,
            512,
            512
        ],
        [
            123,
            512,
            512
        ],
        [
            501,
            512,
            512
        ],
        [
            685,
            512,
            512
        ],
        [
            683,
            512,
            512
        ],
        [
            677,
            512,
            512
        ],
        [
            683,
            512,
            512
        ],
        [
            781,
            512,
            512
        ],
        [
            986,
            512,
            512
        ],
        [
            771,
            512,
            512
        ],
        [
            771,
            512,
            512
        ],
        [
            856,
            512,
            512
        ],
        [
            756,
            512,
            512
        ],
        [
            466,
            512,
            512
        ],
        [
            816,
            512,
            512
        ],
        [
            761,
            512,
            512
        ],
        [
            751,
            512,
            512
        ],
        [
            836,
            512,
            512
        ],
        [
            846,
            512,
            512
        ],
        [
            846,
            512,
            512
        ],
        [
            908,
            512,
            512
        ],
        [
            836,
            512,
            512
        ],
        [
            427,
            512,
            512
        ],
        [
            461,
            512,
            512
        ],
        [
            455,
            512,
            512
        ],
        [
            424,
            512,
            512
        ],
        [
            463,
            512,
            512
        ],
        [
            422,
            512,
            512
        ],
        [
            432,
            512,
            512
        ],
        [
            407,
            512,
            512
        ],
        [
            410,
            512,
            512
        ],
        [
            401,
            512,
            512
        ],
        [
            987,
            512,
            512
        ],
        [
            654,
            512,
            512
        ],
        [
            338,
            512,
            512
        ],
        [
            605,
            512,
            512
        ],
        [
            624,
            512,
            512
        ],
        [
            588,
            512,
            512
        ],
        [
            565,
            512,
            512
        ],
        [
            689,
            512,
            512
        ],
        [
            826,
            512,
            512
        ],
        [
            845,
            512,
            512
        ],
        [
            547,
            512,
            512
        ],
        [
            517,
            512,
            512
        ],
        [
            574,
            512,
            512
        ],
        [
            437,
            512,
            512
        ],
        [
            247,
            512,
            512
        ],
        [
            391,
            512,
            512
        ],
        [
            276,
            512,
            512
        ],
        [
            601,
            512,
            512
        ],
        [
            668,
            512,
            512
        ],
        [
            861,
            512,
            512
        ],
        [
            129,
            512,
            512
        ],
        [
            172,
            512,
            512
        ],
        [
            534,
            512,
            512
        ],
        [
            200,
            512,
            512
        ],
        [
            91,
            512,
            512
        ],
        [
            139,
            512,
            512
        ],
        [
            135,
            512,
            512
        ],
        [
            151,
            512,
            512
        ],
        [
            124,
            512,
            512
        ],
        [
            111,
            512,
            512
        ],
        [
            122,
            512,
            512
        ],
        [
            132,
            512,
            512
        ],
        [
            260,
            512,
            512
        ],
        [
            841,
            512,
            512
        ],
        [
            122,
            512,
            512
        ],
        [
            113,
            512,
            512
        ],
        [
            125,
            512,
            512
        ],
        [
            155,
            512,
            512
        ],
        [
            119,
            512,
            512
        ],
        [
            74,
            512,
            512
        ],
        [
            124,
            512,
            512
        ],
        [
            225,
            512,
            512
        ],
        [
            244,
            512,
            512
        ],
        [
            254,
            512,
            512
        ],
        [
            537,
            512,
            512
        ],
        [
            240,
            512,
            512
        ],
        [
            227,
            512,
            512
        ],
        [
            237,
            512,
            512
        ],
        [
            105,
            512,
            512
        ],
        [
            96,
            512,
            512
        ],
        [
            192,
            512,
            512
        ],
        [
            239,
            512,
            512
        ],
        [
            366,
            512,
            512
        ],
        [
            212,
            512,
            512
        ],
        [
            216,
            512,
            512
        ],
        [
            518,
            512,
            512
        ],
        [
            244,
            512,
            512
        ],
        [
            193,
            512,
            512
        ],
        [
            188,
            512,
            512
        ],
        [
            104,
            512,
            512
        ],
        [
            230,
            512,
            512
        ],
        [
            513,
            512,
            512
        ],
        [
            86,
            512,
            512
        ],
        [
            165,
            512,
            512
        ],
        [
            266,
            512,
            512
        ],
        [
            245,
            512,
            512
        ],
        [
            541,
            512,
            512
        ],
        [
            333,
            512,
            512
        ],
        [
            94,
            512,
            512
        ],
        [
            93,
            512,
            512
        ],
        [
            121,
            512,
            512
        ],
        [
            107,
            512,
            512
        ],
        [
            89,
            512,
            512
        ],
        [
            168,
            512,
            512
        ],
        [
            94,
            512,
            512
        ],
        [
            198,
            512,
            512
        ],
        [
            147,
            512,
            512
        ],
        [
            541,
            512,
            512
        ],
        [
            217,
            512,
            512
        ],
        [
            343,
            512,
            512
        ],
        [
            519,
            512,
            512
        ],
        [
            871,
            512,
            512
        ],
        [
            733,
            512,
            512
        ],
        [
            630,
            512,
            512
        ],
        [
            647,
            512,
            512
        ],
        [
            896,
            512,
            512
        ],
        [
            811,
            512,
            512
        ],
        [
            766,
            512,
            512
        ],
        [
            549,
            512,
            512
        ],
        [
            751,
            512,
            512
        ],
        [
            751,
            512,
            512
        ],
        [
            836,
            512,
            512
        ],
        [
            696,
            512,
            512
        ],
        [
            917,
            512,
            512
        ],
        [
            841,
            512,
            512
        ],
        [
            722,
            512,
            512
        ],
        [
            671,
            512,
            512
        ],
        [
            645,
            512,
            512
        ],
        [
            629,
            512,
            512
        ]
    ],
    "spacings": [
        [
            5.0,
            0.703125,
            0.703125
        ],
        [
            5.0,
            0.6757810115814209,
            0.6757810115814209
        ],
        [
            1.0,
            0.76953125,
            0.76953125
        ],
        [
            0.6999999284744263,
            0.69921875,
            0.69921875
        ],
        [
            0.699999988079071,
            0.705078125,
            0.705078125
        ],
        [
            0.6999852061271667,
            0.716796875,
            0.716796875
        ],
        [
            0.699999988079071,
            0.85546875,
            0.85546875
        ],
        [
            0.800000011920929,
            0.781000018119812,
            0.781000018119812
        ],
        [
            0.699999988079071,
            0.84375,
            0.84375
        ],
        [
            0.800000011920929,
            0.7289999723434448,
            0.7289999723434448
        ],
        [
            0.800000011920929,
            0.7820000052452087,
            0.7820000052452087
        ],
        [
            0.800000011920929,
            0.7289999723434448,
            0.7289999723434448
        ],
        [
            0.800000011920929,
            0.7630000114440918,
            0.7630000114440918
        ],
        [
            1.0,
            0.671875,
            0.671875
        ],
        [
            0.800000011920929,
            0.7200000286102295,
            0.7200000286102295
        ],
        [
            0.800000011920929,
            0.7820000052452087,
            0.7820000052452087
        ],
        [
            0.800000011920929,
            0.6399999856948853,
            0.6399999856948853
        ],
        [
            0.800000011920929,
            0.781000018119812,
            0.781000018119812
        ],
        [
            0.800000011920929,
            0.7820000052452087,
            0.7820000052452087
        ],
        [
            0.800000011920929,
            0.7559999823570251,
            0.7559999823570251
        ],
        [
            0.699999988079071,
            0.7890625,
            0.7890625
        ],
        [
            0.800000011920929,
            0.6800000071525574,
            0.6800000071525574
        ],
        [
            1.5,
            0.744140625,
            0.744140625
        ],
        [
            1.5,
            0.84375,
            0.84375
        ],
        [
            1.0,
            0.654296875,
            0.654296875
        ],
        [
            1.5,
            0.744140625,
            0.744140625
        ],
        [
            1.5,
            0.794921875,
            0.794921875
        ],
        [
            1.5,
            0.689453125,
            0.689453125
        ],
        [
            1.5,
            0.748046875,
            0.748046875
        ],
        [
            1.5,
            0.69921875,
            0.69921875
        ],
        [
            1.5,
            0.712890625,
            0.712890625
        ],
        [
            1.5,
            0.6640625,
            0.6640625
        ],
        [
            0.699999988079071,
            0.771484375,
            0.771484375
        ],
        [
            0.699999988079071,
            0.78125,
            0.78125
        ],
        [
            0.699999988079071,
            0.705078125,
            0.705078125
        ],
        [
            1.0,
            0.84765625,
            0.84765625
        ],
        [
            0.699999988079071,
            0.68359375,
            0.68359375
        ],
        [
            1.0,
            0.685546875,
            0.685546875
        ],
        [
            1.0,
            0.654296875,
            0.654296875
        ],
        [
            0.800000011920929,
            0.703125,
            0.703125
        ],
        [
            0.800000011920929,
            0.7441409826278687,
            0.7441409826278687
        ],
        [
            0.800000011920929,
            0.921875,
            0.921875
        ],
        [
            0.7999879717826843,
            0.751953125,
            0.751953125
        ],
        [
            1.0,
            0.775390625,
            0.775390625
        ],
        [
            0.7999879717826843,
            0.802734375,
            0.802734375
        ],
        [
            1.0,
            0.767578125,
            0.767578125
        ],
        [
            3.2699999809265137,
            0.9765620231628418,
            0.9765620231628418
        ],
        [
            1.2000000476837158,
            0.66015625,
            0.66015625
        ],
        [
            1.5,
            0.669921875,
            0.669921875
        ],
        [
            0.699999988079071,
            0.767578125,
            0.767578125
        ],
        [
            0.699999988079071,
            0.86328125,
            0.86328125
        ],
        [
            0.699999988079071,
            0.73828125,
            0.73828125
        ],
        [
            1.0,
            1.0,
            1.0
        ],
        [
            1.0,
            1.0,
            1.0
        ],
        [
            1.0,
            0.693359375,
            0.693359375
        ],
        [
            1.0,
            1.0,
            1.0
        ],
        [
            1.0,
            1.0,
            1.0
        ],
        [
            1.0,
            1.0,
            1.0
        ],
        [
            1.0,
            1.0,
            1.0
        ],
        [
            1.0,
            1.0,
            1.0
        ],
        [
            1.0,
            1.0,
            1.0
        ],
        [
            1.0,
            1.0,
            1.0
        ],
        [
            1.0,
            1.0,
            1.0
        ],
        [
            1.0,
            1.0,
            1.0
        ],
        [
            1.0,
            1.0,
            1.0
        ],
        [
            0.800000011920929,
            0.9023439884185791,
            0.9023439884185791
        ],
        [
            1.0,
            1.0,
            1.0
        ],
        [
            1.0,
            1.0,
            1.0
        ],
        [
            1.0,
            1.0,
            1.0
        ],
        [
            1.0,
            1.0,
            1.0
        ],
        [
            1.0,
            1.0,
            1.0
        ],
        [
            1.0,
            1.0,
            1.0
        ],
        [
            1.0,
            1.0,
            1.0
        ],
        [
            1.0,
            1.0,
            1.0
        ],
        [
            2.5,
            0.9765620231628418,
            0.9765620231628418
        ],
        [
            2.5,
            0.955078125,
            0.955078125
        ],
        [
            0.7999879717826843,
            0.96875,
            0.96875
        ],
        [
            2.5,
            0.90625,
            0.90625
        ],
        [
            3.0,
            0.90234375,
            0.90234375
        ],
        [
            2.5,
            0.8359379768371582,
            0.8359379768371582
        ],
        [
            4.0,
            0.8500000238418579,
            0.8500000238418579
        ],
        [
            5.0,
            0.828125,
            0.828125
        ],
        [
            2.5,
            0.6660159826278687,
            0.6660159826278687
        ],
        [
            2.0,
            0.8027340173721313,
            0.8027340173721313
        ],
        [
            1.25,
            0.703125,
            0.703125
        ],
        [
            2.0,
            0.6835939884185791,
            0.6835939884185791
        ],
        [
            2.0,
            0.6835939884185791,
            0.6835939884185791
        ],
        [
            1.0,
            0.873046875,
            0.873046875
        ],
        [
            2.0,
            0.7988280057907104,
            0.7988280057907104
        ],
        [
            2.5,
            0.7578120231628418,
            0.7578120231628418
        ],
        [
            2.0,
            0.6445310115814209,
            0.6445310115814209
        ],
        [
            5.0,
            0.7402340173721313,
            0.7402340173721313
        ],
        [
            2.0,
            0.7773439884185791,
            0.7773439884185791
        ],
        [
            0.7989500164985657,
            0.625,
            0.625
        ],
        [
            5.0,
            0.7128909826278687,
            0.7128909826278687
        ],
        [
            2.5,
            0.7109379768371582,
            0.7109379768371582
        ],
        [
            2.49993896484375,
            0.6660159826278687,
            0.6660159826278687
        ],
        [
            2.0,
            0.75390625,
            0.75390625
        ],
        [
            1.0,
            0.748046875,
            0.748046875
        ],
        [
            1.25,
            0.5976560115814209,
            0.5976560115814209
        ],
        [
            5.0,
            0.556640625,
            0.556640625
        ],
        [
            2.5,
            0.6777340173721313,
            0.6777340173721313
        ],
        [
            4.0,
            0.951171875,
            0.951171875
        ],
        [
            5.0,
            0.8261719942092896,
            0.8261719942092896
        ],
        [
            5.0,
            0.7578125,
            0.7578125
        ],
        [
            2.5,
            0.7421879768371582,
            0.7421879768371582
        ],
        [
            5.0,
            0.781000018119812,
            0.781000018119812
        ],
        [
            2.5,
            0.7851560115814209,
            0.7851560115814209
        ],
        [
            3.0,
            0.796875,
            0.796875
        ],
        [
            1.0,
            0.84765625,
            0.84765625
        ],
        [
            2.0,
            0.68359375,
            0.68359375
        ],
        [
            1.25,
            0.703125,
            0.703125
        ],
        [
            0.8009999990463257,
            0.625,
            0.625
        ],
        [
            0.699999988079071,
            0.7421875,
            0.7421875
        ],
        [
            0.699999988079071,
            0.7578125,
            0.7578125
        ],
        [
            0.7000000476837158,
            0.64453125,
            0.64453125
        ],
        [
            0.699999988079071,
            0.68359375,
            0.68359375
        ],
        [
            0.800000011920929,
            0.8539999723434448,
            0.8539999723434448
        ],
        [
            0.800000011920929,
            0.7559999823570251,
            0.7559999823570251
        ],
        [
            0.800000011920929,
            0.6370000243186951,
            0.6370000243186951
        ],
        [
            1.0,
            0.8203125,
            0.8203125
        ],
        [
            0.800000011920929,
            0.781000018119812,
            0.781000018119812
        ],
        [
            0.800000011920929,
            0.8579999804496765,
            0.8579999804496765
        ],
        [
            0.800000011920929,
            0.6710000038146973,
            0.6710000038146973
        ],
        [
            0.800000011920929,
            0.6620000004768372,
            0.6620000004768372
        ],
        [
            0.699999988079071,
            0.837890625,
            0.837890625
        ],
        [
            0.800000011920929,
            0.7379999756813049,
            0.7379999756813049
        ],
        [
            0.699999988079071,
            0.74609375,
            0.74609375
        ],
        [
            0.699999988079071,
            0.72265625,
            0.72265625
        ],
        [
            0.699999988079071,
            0.734375,
            0.734375
        ],
        [
            0.699984073638916,
            0.78125,
            0.78125
        ]
    ]
}